ID,daily,date,lisa_v,lisa_p,lisa_c,clusterN,p
31039,0.0,20220817,0.3537465292263036,0.006,2,1,2
31109,0.0,20220817,0.3537465292263036,0.001,2,1,3
21053,0.0,20220817,0.3537465292263036,0.012,2,1,1
39063,0.0,20220817,0.3537465292263036,0.003,2,1,2
01027,0.0,20220817,0.3537465292263036,0.014,2,1,1
39003,0.0,20220817,0.3537465292263036,0.015,2,1,1
13189,0.00470752738289443,20220817,7.343811791520678,0.003,1,4,2
42007,0.0022974920552604125,20220817,1.7956186067711148,0.018,1,4,1
28061,0.0,20220817,0.3537465292263036,0.005,2,1,2
29083,0.0,20220817,0.3537465292263036,0.006,2,1,2
37037,0.00187838178810732,20220817,2.4435697681219164,0.001,1,4,3
49033,0.0,20220817,0.27790403698828336,0.05,2,1,1
35003,0.0002836074872376631,20220817,-0.27419883534667794,0.033,3,3,1
01091,0.0,20220817,0.3537465292263036,0.001,2,1,3
56023,0.0,20220817,0.2818836344975027,0.049,2,1,1
54075,0.000591715976331361,20220817,0.009361909657004978,0.019,1,4,1
31101,0.0,20220817,0.3537465292263036,0.009,2,1,2
31137,0.0,20220817,0.3537465292263036,0.004,2,1,2
40135,0.0,20220817,0.31825553652181005,0.022,2,1,1
42053,0.0010939422945439629,20220817,0.46250059103732405,0.041,1,4,1
13025,0.003198976327575176,20220817,5.217294081533645,0.001,1,4,3
13171,0.004070265638389032,20220817,9.561043800789037,0.001,1,4,3
39047,0.0,20220817,0.3537465292263036,0.005,2,1,2
25015,0.0,20220817,0.3537465292263036,0.031,2,1,1
21003,0.0,20220817,0.3537465292263036,0.007,2,1,2
37001,0.0025042247312091303,20220817,3.2647054182153643,0.003,1,4,2
20073,0.001973359644795264,20220817,2.3182008743307527,0.003,1,4,2
25025,0.0,20220817,0.3537465292263036,0.027,2,1,1
12129,0.0,20220817,0.3537465292263036,0.04,2,1,1
12131,0.0,20220817,0.3537465292263036,0.005,2,1,2
28017,0.0,20220817,0.3537465292263036,0.005,2,1,2
26035,0.0,20220817,0.3537465292263036,0.002,2,1,2
12127,0.0,20220817,0.3537465292263036,0.004,2,1,2
40017,0.0,20220817,0.3537465292263036,0.001,2,1,3
26007,0.0,20220817,0.3537465292263036,0.04,2,1,1
21231,0.0,20220817,0.3537465292263036,0.003,2,1,2
47185,0.0,20220817,0.3537465292263036,0.013,2,1,1
13115,0.002793496903531925,20220817,3.2117291239320642,0.004,1,4,2
46067,0.00150519978106185,20220817,0.7968483353438638,0.017,1,4,1
26103,0.0,20220817,0.3537465292263036,0.001,2,1,3
37057,0.0027875027965727625,20220817,4.939996511533441,0.001,1,4,3
29103,0.0,20220817,0.3537465292263036,0.01,2,1,2
29117,0.0,20220817,0.3537465292263036,0.006,2,1,2
26089,0.0,20220817,0.3096536106565797,0.027,2,1,1
13273,0.0030903055968868032,20220817,6.012598413104025,0.002,1,4,2
13063,0.0020843766973033598,20220817,2.4900825217576035,0.003,1,4,2
56013,0.0,20220817,0.3537465292263036,0.003,2,1,2
13073,0.0014199927009720978,20220817,1.1944469863725602,0.013,1,4,1
30065,0.0,20220817,0.3537465292263036,0.013,2,1,1
42043,0.001799500783653567,20220817,1.2423639479764426,0.015,1,4,1
28145,0.0,20220817,0.3537465292263036,0.004,2,1,2
27095,0.0,20220817,0.3537465292263036,0.004,2,1,2
39115,0.0,20220817,0.3537465292263036,0.013,2,1,1
39133,0.0,20220817,0.3537465292263036,0.007,2,1,2
56041,0.0,20220817,0.3537465292263036,0.049,2,1,1
13193,0.004058624577226606,20220817,11.133602565124637,0.001,1,4,3
47129,0.0,20220817,0.3537465292263036,0.009,2,1,2
46043,0.0003414134516899966,20220817,-0.2962304319811091,0.03,3,3,1
21209,0.0,20220817,0.3537465292263036,0.004,2,1,2
45023,0.0,20220817,0.3537465292263036,0.042,2,1,1
13049,0.0015337423312883436,20220817,1.3438868223165914,0.009,1,4,2
13233,0.002123699532308867,20220817,1.7657191271058645,0.014,1,4,1
20147,0.0022471910112359553,20220817,1.7738915733103224,0.033,1,4,1
31089,0.0,20220817,0.3537465292263036,0.002,2,1,2
29101,0.0,20220817,0.33617391001707936,0.025,2,1,1
13119,0.0016252306070455942,20220817,1.0808138655927046,0.035,1,4,1
12051,0.0,20220817,0.3537465292263036,0.001,2,1,3
13265,0.004965859714463066,20220817,11.618501643678513,0.001,1,4,3
30059,0.0,20220817,0.3537465292263036,0.001,2,1,3
28069,0.0,20220817,0.3537465292263036,0.005,2,1,2
30087,0.0,20220817,0.3537465292263036,0.001,2,1,3
26153,0.0,20220817,0.3537465292263036,0.005,2,1,2
26003,0.0,20220817,0.3537465292263036,0.015,2,1,1
37155,0.002971432019065432,20220817,2.7136877941973387,0.008,1,4,2
26123,0.0,20220817,0.3537465292263036,0.002,2,1,2
27153,0.0,20220817,0.3537465292263036,0.006,2,1,2
37109,0.0022552129186314356,20220817,4.011092558876928,0.002,1,4,2
12095,0.0,20220817,0.3537465292263036,0.009,2,1,2
13045,0.0018774054257016802,20220817,1.5028712473724062,0.01,1,4,2
20161,0.0011191643572798977,20220817,0.910129615214395,0.005,1,4,2
37027,0.004518587269796297,20220817,7.53990320273823,0.001,1,4,3
21001,0.0,20220817,0.3537465292263036,0.007,2,1,2
21097,0.0,20220817,0.3537465292263036,0.005,2,1,2
31171,0.0,20220817,0.3537465292263036,0.014,2,1,1
21061,0.0,20220817,0.3537465292263036,0.013,2,1,1
27085,0.0,20220817,0.3537465292263036,0.012,2,1,1
29123,0.0,20220817,0.3537465292263036,0.013,2,1,1
40095,0.0,20220817,0.33433048678969635,0.03,2,1,1
19031,0.0015712195914829063,20220817,1.4041094245200716,0.006,1,4,2
13089,0.0016828523880889816,20220817,1.9257451342126657,0.004,1,4,2
13227,0.0028992895147672603,20220817,5.869682138998364,0.001,1,4,3
30015,0.0,20220817,0.3537465292263036,0.001,2,1,3
31017,0.0,20220817,0.3537465292263036,0.013,2,1,1
47013,0.0,20220817,0.3537465292263036,0.006,2,1,2
37069,0.002637051324553208,20220817,5.061044095126015,0.001,1,4,3
20111,0.0015638627409701963,20220817,1.7779862364262173,0.001,1,4,3
19027,0.0007889157339381688,20220817,0.14284665192368903,0.047,1,4,1
20075,0.002701659590891548,20220817,3.9877372928698938,0.003,1,4,2
19151,0.0013241135795203766,20220817,0.9454784367666709,0.004,1,4,2
30097,0.0,20220817,0.3537465292263036,0.018,2,1,1
42059,0.0034716571738540817,20220817,2.6172740458828048,0.038,1,4,1
20051,0.0016681146828844483,20220817,1.7180970060583105,0.006,1,4,2
01065,0.0,20220817,0.3537465292263036,0.017,2,1,1
01105,0.0,20220817,0.3537465292263036,0.017,2,1,1
01033,0.0,20220817,0.3537465292263036,0.03,2,1,1
20151,0.0010579771476936098,20220817,0.8838367603916358,0.002,1,4,2
21017,0.0,20220817,0.3537465292263036,0.002,2,1,2
47149,0.0,20220817,0.3537465292263036,0.001,2,1,3
13075,0.0036094777900681145,20220817,8.624972870953158,0.001,1,4,3
20101,0.00319693094629156,20220817,3.340411221514874,0.025,1,4,1
47159,0.0,20220817,0.3537465292263036,0.006,2,1,2
19101,0.0014326647564469914,20220817,0.681612046860062,0.048,1,4,1
30049,0.0,20220817,0.3537465292263036,0.002,2,1,2
49013,0.0,20220817,0.3537465292263036,0.005,2,1,2
47169,0.0,20220817,0.3537465292263036,0.036,2,1,1
21193,0.0,20220817,0.3537465292263036,0.006,2,1,2
31007,0.0,20220817,0.3537465292263036,0.005,2,1,2
19121,0.0009992505620784412,20220817,0.3005974627568992,0.039,1,4,1
12011,0.0,20220817,0.3537465292263036,0.033,2,1,1
13279,0.0021133026842651637,20220817,2.2849028221205168,0.002,1,4,2
26151,0.0,20220817,0.3537465292263036,0.027,2,1,1
26163,0.0,20220817,0.3537465292263036,0.03,2,1,1
27001,0.0,20220817,0.3537465292263036,0.001,2,1,3
37145,0.002338289490405388,20220817,2.710500215929025,0.007,1,4,2
20195,0.0017605633802816902,20220817,2.3238883703377113,0.002,1,4,2
28151,0.0,20220817,0.3537465292263036,0.006,2,1,2
45081,0.0,20220817,0.3537465292263036,0.018,2,1,1
29125,0.0,20220817,0.3537465292263036,0.014,2,1,1
29109,0.0,20220817,0.3537465292263036,0.004,2,1,2
39145,0.0,20220817,0.3537465292263036,0.005,2,1,2
39163,0.0,20220817,0.3537465292263036,0.006,2,1,2
12099,0.0,20220817,0.3537465292263036,0.015,2,1,1
13181,0.0029276985743380856,20220817,3.82899703255206,0.003,1,4,2
01013,0.0,20220817,0.3537465292263036,0.01,2,1,2
47165,0.0,20220817,0.3537465292263036,0.003,2,1,2
47061,0.0,20220817,0.3537465292263036,0.019,2,1,1
27057,0.0,20220817,0.3537465292263036,0.018,2,1,1
29179,0.0,20220817,0.3537465292263036,0.016,2,1,1
06067,0.0,20220817,0.3537465292263036,0.001,2,1,3
28009,0.0,20220817,0.3537465292263036,0.014,2,1,1
21055,0.0,20220817,0.302493222170898,0.038,2,1,1
19147,0.000999666777740753,20220817,0.49464643766435107,0.011,1,4,1
19159,0.0014101531023368251,20220817,0.906934636493692,0.01,1,4,2
37151,0.0023197641107338,20220817,2.9976708977673017,0.005,1,4,2
31077,0.0,20220817,0.3537465292263036,0.007,2,1,2
31151,0.0,20220817,0.3537465292263036,0.007,2,1,2
21119,0.0,20220817,0.3537465292263036,0.009,2,1,2
27039,0.0,20220817,0.3537465292263036,0.011,2,1,1
06009,0.0,20220817,0.3537465292263036,0.01,2,1,2
47105,0.0,20220817,0.3537465292263036,0.018,2,1,1
01063,0.0,20220817,0.3537465292263036,0.007,2,1,2
19109,0.0018694084657497664,20220817,0.8773710721185616,0.037,1,4,1
37063,0.0027834073009927914,20220817,4.172159748332807,0.005,1,4,2
42065,0.0018473749030698354,20220817,1.5093041282576958,0.01,1,4,2
47003,0.0,20220817,0.3537465292263036,0.018,2,1,1
47027,0.0,20220817,0.3537465292263036,0.003,2,1,2
26159,0.0,20220817,0.33000269438087476,0.022,2,1,1
21127,0.0,20220817,0.3387188556170505,0.007,2,1,2
21175,0.0,20220817,0.3537465292263036,0.002,2,1,2
21177,0.0,20220817,0.3537465292263036,0.005,2,1,2
46025,0.0024423337856173677,20220817,1.980767040458555,0.016,1,4,1
12041,0.0,20220817,0.3537465292263036,0.009,2,1,2
51595,0.00569643513414186,20220817,-3.096358250943773,0.001,4,2,3
40081,0.0,20220817,0.3537465292263036,0.007,2,1,2
13251,0.0015726642361855744,20220817,1.4496109804078403,0.005,1,4,2
48433,0.0,20220817,0.3494080192623798,0.006,2,1,2
39069,0.0,20220817,0.3537465292263036,0.003,2,1,2
13297,0.0027121016600686774,20220817,4.338049992581617,0.002,1,4,2
27121,0.0,20220817,0.3537465292263036,0.005,2,1,2
51009,9.44138473642801e-05,20220817,-0.39406217628046336,0.047,3,3,1
06037,0.0004622295932082007,20220817,0.07379240151131772,0.036,2,1,1
13129,0.0034788993391839445,20220817,6.751242465908707,0.001,1,4,3
19025,0.0008210180623973727,20220817,0.2628743409009224,0.016,1,4,1
12055,0.0,20220817,0.3537465292263036,0.006,2,1,2
20113,0.0026954177897574125,20220817,4.729555226075274,0.001,1,4,3
04021,0.0021603861430291157,20220817,3.4609630990234406,0.002,1,4,2
39051,0.0,20220817,0.3537465292263036,0.016,2,1,1
12017,0.0,20220817,0.3537465292263036,0.033,2,1,1
47041,0.0,20220817,0.3537465292263036,0.009,2,1,2
42031,0.0019372336303758234,20220817,1.423043378933488,0.032,1,4,1
45089,0.0,20220817,0.3537465292263036,0.019,2,1,1
40063,0.0,20220817,0.3537465292263036,0.013,2,1,1
51005,0.000857689516395065,20220817,0.23782520373969857,0.027,1,4,1
28087,0.0,20220817,0.3537465292263036,0.004,2,1,2
08099,0.00016636167027116953,20220817,-0.5323209103704107,0.008,3,3,2
40101,0.0,20220817,0.3537465292263036,0.011,2,1,1
29043,0.0,20220817,0.3537465292263036,0.005,2,1,2
28073,0.0,20220817,0.3537465292263036,0.012,2,1,1
30073,0.0,20220817,0.3537465292263036,0.01,2,1,2
29119,0.0,20220817,0.3259429326610717,0.034,2,1,1
31157,0.0,20220817,0.3537465292263036,0.023,2,1,1
27143,0.0,20220817,0.3537465292263036,0.009,2,1,2
13293,0.0048025613660619,20220817,9.589818196624215,0.001,1,4,3
06097,0.0,20220817,0.3537465292263036,0.013,2,1,1
13013,0.003405451253940322,20220817,5.0602485695840205,0.002,1,4,2
13183,0.0044939011341750485,20220817,7.55558294028386,0.005,1,4,2
42033,0.002590479050908545,20220817,2.1545857461911964,0.012,1,4,1
26037,0.0,20220817,0.3537465292263036,0.008,2,1,2
28003,0.0,20220817,0.3537465292263036,0.011,2,1,1
28071,0.0,20220817,0.3537465292263036,0.006,2,1,2
26149,0.0,20220817,0.2952018377336743,0.034,2,1,1
30033,0.0,20220817,0.3537465292263036,0.002,2,1,2
31001,0.0,20220817,0.3537465292263036,0.003,2,1,2
27109,0.0,20220817,0.3537465292263036,0.008,2,1,2
01097,0.0,20220817,0.3537465292263036,0.02,2,1,1
01057,0.0,20220817,0.3537465292263036,0.014,2,1,1
37131,0.0031083926601824926,20220817,3.8657086342251334,0.003,1,4,2
21087,0.0,20220817,0.3537465292263036,0.015,2,1,1
37013,0.0023744911804613297,20220817,4.7784443324904355,0.001,1,4,3
37159,0.0028511147858812794,20220817,5.495931187070094,0.002,1,4,2
27067,0.0,20220817,0.3537465292263036,0.006,2,1,2
21237,0.0,20220817,0.3537465292263036,0.004,2,1,2
26131,0.0,20220817,0.34728284297122125,0.01,2,1,2
28015,0.0,20220817,0.3537465292263036,0.015,2,1,1
42063,0.0017993226079593564,20220817,1.9492028361962292,0.008,1,4,2
42099,0.0007165656960458602,20220817,0.16949627093179925,0.016,1,4,1
46137,0.0010748835542816195,20220817,0.8038821713371017,0.005,1,4,2
40131,0.0,20220817,0.3537465292263036,0.01,2,1,2
29019,0.0,20220817,0.3537465292263036,0.004,2,1,2
40015,0.0,20220817,0.3537465292263036,0.004,2,1,2
20035,0.002970213006704195,20220817,2.0177467850350324,0.03,1,4,1
04017,0.003084103596595589,20220817,6.061341957759807,0.001,1,4,3
28085,0.0,20220817,0.3537465292263036,0.003,2,1,2
47095,0.0,20220817,0.3537465292263036,0.01,2,1,2
45015,0.0,20220817,0.3537465292263036,0.004,2,1,2
20139,0.001763113154083496,20220817,1.5880923287959283,0.008,1,4,2
42019,0.0020813380488927174,20220817,2.254898419194909,0.005,1,4,2
20115,0.0015045135406218655,20220817,1.8849697614973837,0.002,1,4,2
56003,0.0,20220817,0.3537465292263036,0.005,2,1,2
47081,0.0,20220817,0.3537465292263036,0.009,2,1,2
13223,0.0025903331769122477,20220817,3.6107290173749305,0.002,1,4,2
39015,0.0,20220817,0.3537465292263036,0.004,2,1,2
47141,0.0,20220817,0.3537465292263036,0.004,2,1,2
25027,0.0,20220817,0.31394603908572244,0.005,2,1,2
39091,0.0,20220817,0.3537465292263036,0.01,2,1,2
06031,0.0,20220817,0.3537465292263036,0.015,2,1,1
13079,0.002758620689655172,20220817,7.046576547547612,0.001,1,4,3
29067,0.0,20220817,0.3537465292263036,0.003,2,1,2
37051,0.0028330143813784132,20220817,4.907057305998857,0.001,1,4,3
26001,0.0,20220817,0.3537465292263036,0.043,2,1,1
37153,0.0022445940840500477,20220817,2.1446620549545545,0.01,1,4,2
37093,0.002779991474692811,20220817,4.328101120645769,0.002,1,4,2
27161,0.0,20220817,0.3537465292263036,0.009,2,1,2
47177,0.0,20220817,0.3537465292263036,0.002,2,1,2
21201,0.0,20220817,0.3537465292263036,0.009,2,1,2
42023,0.0006506180871828237,20220817,0.07202841118760406,0.044,1,4,1
45035,0.0,20220817,0.3537465292263036,0.038,2,1,1
37025,0.002531277980785519,20220817,4.4291456250610475,0.001,1,4,3
29225,0.0,20220817,0.3537465292263036,0.006,2,1,2
49011,0.0,20220817,0.3537465292263036,0.015,2,1,1
27033,0.0,20220817,0.3537465292263036,0.007,2,1,2
12093,0.0,20220817,0.3537465292263036,0.001,2,1,3
13291,0.001975266231535555,20220817,2.9228872257846765,0.002,1,4,2
19013,0.0019487435136298747,20220817,1.394915156981882,0.015,1,4,1
39131,0.0,20220817,0.3537465292263036,0.015,2,1,1
01125,0.0,20220817,0.3537465292263036,0.003,2,1,2
01131,0.0,20220817,0.3537465292263036,0.004,2,1,2
28097,0.0,20220817,0.3537465292263036,0.018,2,1,1
31099,0.0,20220817,0.3537465292263036,0.011,2,1,1
17161,0.00019461608501942685,20220817,-0.34506873601056265,0.034,3,3,1
56043,0.0,20220817,0.3537465292263036,0.004,2,1,2
29093,0.0,20220817,0.3537465292263036,0.001,2,1,3
20165,0.0006618133686300463,20220817,0.10438923318138517,0.007,1,4,2
20187,0.0009746588693957114,20220817,0.5590301250798221,0.002,1,4,2
21129,0.0,20220817,0.3537465292263036,0.006,2,1,2
27071,0.0,20220817,0.3537465292263036,0.043,2,1,1
47089,0.0,20220817,0.3537465292263036,0.021,2,1,1
40097,0.0,20220817,0.3537465292263036,0.013,2,1,1
27165,0.0,20220817,0.3537465292263036,0.02,2,1,1
46119,0.0,20220817,-0.7803953558201309,0.016,3,3,1
40029,0.0,20220817,0.3537465292263036,0.015,2,1,1
31105,0.0,20220817,0.3245316801993221,0.046,2,1,1
08085,2.3988869164707574e-05,20220817,0.3042191224564944,0.018,2,1,1
27171,0.0,20220817,0.3537465292263036,0.012,2,1,1
06075,0.0,20220817,0.3537465292263036,0.037,2,1,1
08113,0.00012423903590508137,20220817,0.276212159884179,0.01,2,1,2
12109,0.0,20220817,0.3537465292263036,0.03,2,1,1
28019,0.0,20220817,0.3537465292263036,0.014,2,1,1
29079,0.0,20220817,0.3537465292263036,0.004,2,1,2
26085,0.0,20220817,0.3537465292263036,0.002,2,1,2
45047,0.0,20220817,0.3537465292263036,0.007,2,1,2
20059,0.0017215744580953126,20220817,1.5846193552916914,0.002,1,4,2
47075,0.0,20220817,0.3537465292263036,0.007,2,1,2
28139,0.0,20220817,0.3537465292263036,0.014,2,1,1
39087,0.0,20220817,0.30478434861793346,0.036,2,1,1
39001,0.0,20220817,0.3537465292263036,0.009,2,1,2
13137,0.0018150853762380675,20220817,1.6288723045172746,0.007,1,4,2
13319,0.002330743618201998,20220817,2.455637248914512,0.003,1,4,2
39033,0.0,20220817,0.3537465292263036,0.005,2,1,2
12027,0.0,20220817,0.3537465292263036,0.018,2,1,1
39059,0.0,20220817,0.3537465292263036,0.005,2,1,2
26015,0.0,20220817,0.3537465292263036,0.003,2,1,2
29209,0.0,20220817,0.32342561160559136,0.03,2,1,1
37169,0.002926978440837902,20220817,3.7721073730239385,0.008,1,4,2
19039,0.0017094017094017094,20220817,0.9028117326458368,0.035,1,4,1
19065,0.0019189011765894056,20220817,1.2443909097818417,0.014,1,4,1
06041,0.0,20220817,0.3537465292263036,0.022,2,1,1
19181,0.0012580877066858376,20220817,0.5707596327990573,0.028,1,4,1
12043,0.0,20220817,0.3537465292263036,0.008,2,1,2
13199,0.0019425755709276983,20220817,3.0619264647059015,0.001,1,4,3
08023,0.000534045393858478,20220817,0.026600754069843392,0.037,2,1,1
19001,0.0004234297812279464,20220817,-0.14181775457216997,0.03,3,3,1
13053,0.0017045454545454545,20220817,1.1699655608612458,0.031,1,4,1
06043,0.0004592422502870264,20220817,0.07560171660920714,0.042,2,1,1
29089,0.0,20220817,0.3537465292263036,0.015,2,1,1
27139,0.0,20220817,0.3537465292263036,0.008,2,1,2
39129,0.0,20220817,0.3537465292263036,0.006,2,1,2
47099,0.0,20220817,0.3537465292263036,0.016,2,1,1
26009,0.0,20220817,0.3537465292263036,0.009,2,1,2
31127,0.0,20220817,0.3537465292263036,0.007,2,1,2
37031,0.002229622122484436,20220817,4.032880934770683,0.001,1,4,3
20149,0.001887029815071078,20220817,1.9394393022596226,0.01,1,4,2
26075,0.0,20220817,0.3537465292263036,0.005,2,1,2
45009,0.0,20220817,0.3537465292263036,0.01,2,1,2
13019,0.003811612364243943,20220817,8.402937038888407,0.001,1,4,3
26143,0.0,20220817,0.3537465292263036,0.004,2,1,2
37005,0.0029069767441860465,20220817,4.458340779178588,0.007,1,4,2
06055,0.0,20220817,0.3537465292263036,0.039,2,1,1
40033,0.0,20220817,0.31105920868128983,0.038,2,1,1
29221,0.0,20220817,0.3537465292263036,0.015,2,1,1
48417,0.00030339805825242716,20220817,0.15874799654672195,0.02,2,1,1
39139,0.0,20220817,0.3537465292263036,0.019,2,1,1
39021,0.0,20220817,0.3537465292263036,0.008,2,1,2
19157,0.0016858820970197955,20220817,1.15155184671094,0.016,1,4,1
39169,0.0,20220817,0.3537465292263036,0.022,2,1,1
13113,0.0019946038841348853,20220817,2.414518897790102,0.014,1,4,1
13141,0.006576629477392836,20220817,12.759826277386177,0.001,1,4,3
13277,0.0039712883253989785,20220817,10.308033804579951,0.001,1,4,3
46077,0.0014158576051779936,20220817,0.6665173049120923,0.031,1,4,1
56009,0.0,20220817,0.3537465292263036,0.003,2,1,2
27005,0.0,20220817,0.3537465292263036,0.005,2,1,2
12081,0.0,20220817,0.3537465292263036,0.011,2,1,1
39119,0.0,20220817,0.3537465292263036,0.009,2,1,2
28109,0.0,20220817,0.2877660568699812,0.037,2,1,1
28111,0.0,20220817,0.3537465292263036,0.005,2,1,2
31041,0.0,20220817,0.3537465292263036,0.003,2,1,2
12013,0.0,20220817,0.3537465292263036,0.013,2,1,1
21117,0.0,20220817,0.3537465292263036,0.016,2,1,1
19037,0.0009978380176284716,20220817,0.3938699699383118,0.022,1,4,1
19081,0.0016663580818366969,20220817,1.2021958534766346,0.016,1,4,1
01095,0.0,20220817,0.3537465292263036,0.006,2,1,2
47173,0.0,20220817,0.3537465292263036,0.016,2,1,1
06089,0.0,20220817,0.3537465292263036,0.009,2,1,2
26095,0.0,20220817,0.3537465292263036,0.038,2,1,1
40019,0.0,20220817,0.3537465292263036,0.002,2,1,2
37139,0.0023535961937541125,20220817,2.6314529671005107,0.016,1,4,1
28011,0.0,20220817,0.30937794335951574,0.043,2,1,1
47073,0.0,20220817,0.3023905911961272,0.035,2,1,1
38011,0.0,20220817,0.3537465292263036,0.028,2,1,1
42057,0.002964290638356542,20220817,2.1860347186611016,0.046,1,4,1
40055,0.0,20220817,0.3537465292263036,0.04,2,1,1
48211,0.0002503755633450175,20220817,0.1918101125950832,0.01,2,1,2
46129,0.0012827560930914422,20220817,0.9083583198354501,0.009,1,4,2
21151,0.0,20220817,0.3537465292263036,0.004,2,1,2
30031,0.0,20220817,0.3537465292263036,0.001,2,1,3
45031,0.0,20220817,0.3537465292263036,0.016,2,1,1
01053,0.0,20220817,0.3537465292263036,0.002,2,1,2
13143,0.0019160365415540426,20220817,1.4693217796022195,0.034,1,4,1
20001,0.002468939152596368,20220817,3.1204879113112978,0.001,1,4,3
06053,0.0,20220817,0.3537465292263036,0.023,2,1,1
29131,0.0,20220817,0.3537465292263036,0.002,2,1,2
37193,0.0028480042062831354,20220817,5.710336370856967,0.001,1,4,3
01083,0.0,20220817,0.3537465292263036,0.007,2,1,2
31143,0.0,20220817,0.3537465292263036,0.008,2,1,2
39123,0.0,20220817,0.3537465292263036,0.029,2,1,1
19011,0.0016773287564362616,20220817,1.197025227365711,0.01,1,4,2
27025,0.0,20220817,0.3052155608973379,0.047,2,1,1
21189,0.0,20220817,0.3537465292263036,0.009,2,1,2
29051,0.0,20220817,0.3537465292263036,0.017,2,1,1
42061,0.0018514844938173642,20220817,1.7894385025375883,0.004,1,4,2
51141,0.0005070993914807302,20220817,-0.07397637089939522,0.038,3,3,1
26119,0.0,20220817,0.3537465292263036,0.006,2,1,2
26135,0.0,20220817,0.3537465292263036,0.002,2,1,2
42009,0.0014274779154684817,20220817,1.2497750771975185,0.007,1,4,2
20099,0.001590536308961678,20220817,0.8325302072548726,0.05,1,4,1
39067,0.0,20220817,0.3537465292263036,0.009,2,1,2
37003,0.002687232956224975,20220817,5.977068601824041,0.001,1,4,3
47023,0.0,20220817,0.3537465292263036,0.017,2,1,1
49029,0.0,20220817,0.3537465292263036,0.014,2,1,1
04011,0.001575299306868305,20220817,1.5363577268826438,0.001,1,4,3
04013,0.0015600130289848712,20220817,1.2800494908308468,0.011,1,4,1
26129,0.0,20220817,0.3537465292263036,0.003,2,1,2
47087,0.0,20220817,0.3537465292263036,0.017,2,1,1
01009,0.0,20220817,0.3537465292263036,0.006,2,1,2
30051,0.0,20220817,0.3537465292263036,0.03,2,1,1
13061,0.0013554727211114877,20220817,1.0283831680446167,0.01,1,4,2
40005,0.0,20220817,0.3537465292263036,0.007,2,1,2
13015,0.002840286316110523,20220817,4.833849639336839,0.001,1,4,3
12069,0.0,20220817,0.3537465292263036,0.005,2,1,2
40111,0.0,20220817,0.3537465292263036,0.01,2,1,2
29139,0.0,20220817,0.3537465292263036,0.003,2,1,2
37083,0.003946083219378785,20220817,8.718240702248426,0.001,1,4,3
21051,0.0,20220817,0.3537465292263036,0.004,2,1,2
42035,0.0013876397276114609,20220817,0.7705582051108086,0.031,1,4,1
01099,0.0,20220817,0.3537465292263036,0.006,2,1,2
13139,0.002541942043721403,20220817,4.66843476767722,0.001,1,4,3
13283,0.00235467255334805,20220817,1.803425310085587,0.028,1,4,1
13037,0.002670856245090338,20220817,3.3484969340926036,0.003,1,4,2
27007,0.0,20220817,0.3537465292263036,0.001,2,1,3
42037,0.0019173704633645287,20220817,1.616059578551165,0.019,1,4,1
39023,0.0,20220817,0.3537465292263036,0.017,2,1,1
04019,0.0018487023550267862,20220817,2.268232056699269,0.002,1,4,2
31179,0.0,20220817,0.3537465292263036,0.004,2,1,2
28101,0.0,20220817,0.3537465292263036,0.003,2,1,2
37163,0.0033130866924351186,20220817,6.799592058272607,0.002,1,4,2
47127,0.0,20220817,0.3537465292263036,0.039,2,1,1
01093,0.0,20220817,0.3537465292263036,0.005,2,1,2
37189,0.001128812016385981,20220817,0.9098394516602886,0.012,1,4,1
49057,0.0,20220817,0.3537465292263036,0.005,2,1,2
29177,0.0,20220817,0.33910267988528336,0.006,2,1,2
39073,0.0,20220817,0.3537465292263036,0.008,2,1,2
01085,0.0,20220817,0.3537465292263036,0.008,2,1,2
13043,0.0011098779134295228,20220817,1.2318051133086196,0.003,1,4,2
19113,0.0017510866117814178,20220817,1.2217530050169914,0.014,1,4,1
06105,0.0,20220817,0.3537465292263036,0.016,2,1,1
28135,0.0,20220817,0.3537465292263036,0.003,2,1,2
20005,0.0019055815097123187,20220817,1.3470192199668314,0.016,1,4,1
39109,0.0,20220817,0.3537465292263036,0.017,2,1,1
40133,0.0,20220817,0.3537465292263036,0.029,2,1,1
06045,0.0,20220817,0.3537465292263036,0.007,2,1,2
56037,0.0,20220817,0.34797921444118773,0.002,2,1,2
45059,0.0,20220817,0.3537465292263036,0.003,2,1,2
20029,0.0012307003803982994,20220817,1.0248265228391773,0.001,1,4,3
01037,0.0,20220817,0.3537465292263036,0.008,2,1,2
20061,0.002116091109478325,20220817,2.3026566936086397,0.006,1,4,2
42011,0.0016960708091621314,20220817,1.0901055269056248,0.037,1,4,1
27083,0.0,20220817,0.3537465292263036,0.016,2,1,1
47179,0.0,20220817,0.3537465292263036,0.02,2,1,1
45071,0.0,20220817,0.3537465292263036,0.005,2,1,2
28125,0.0,20220817,0.3537465292263036,0.034,2,1,1
29105,0.0,20220817,0.3537465292263036,0.009,2,1,2
29195,0.0,20220817,0.3537465292263036,0.004,2,1,2
27049,0.0,20220817,0.3051930479785916,0.033,2,1,1
12101,0.0,20220817,0.3537465292263036,0.015,2,1,1
12119,0.0,20220817,0.3537465292263036,0.007,2,1,2
29071,0.0,20220817,0.3537465292263036,0.002,2,1,2
37011,0.0014852050725465554,20220817,1.9470565285974704,0.001,1,4,3
47161,0.0,20220817,0.3537465292263036,0.003,2,1,2
45063,0.0,20220817,0.3537465292263036,0.005,2,1,2
21063,0.0,20220817,0.3537465292263036,0.03,2,1,1
29041,0.0,20220817,0.3537465292263036,0.005,2,1,2
20167,0.0012953367875647669,20220817,1.1602889036328208,0.002,1,4,2
46055,0.0019821605550049554,20220817,2.044426042379635,0.005,1,4,2
47111,0.0,20220817,0.3537465292263036,0.007,2,1,2
01109,0.0,20220817,0.3537465292263036,0.006,2,1,2
25005,0.0,20220817,0.3537465292263036,0.003,2,1,2
42107,0.0018643901481699538,20220817,1.5413171745329237,0.006,1,4,2
37045,0.0029501860570300773,20220817,2.7787631596104596,0.023,1,4,1
06109,0.0,20220817,0.30738906045678754,0.033,2,1,1
13081,0.0038304054946506406,20220817,11.095119756393604,0.001,1,4,3
06095,0.0,20220817,0.3537465292263036,0.006,2,1,2
19043,0.001475177304964539,20220817,0.6479567766609622,0.037,1,4,1
37125,0.001808950192200958,20220817,2.3017487524258304,0.001,1,4,3
20009,0.0013609042452651873,20220817,1.6880019682663132,0.001,1,4,3
31071,0.0,20220817,0.3537465292263036,0.021,2,1,1
01119,0.0,20220817,0.3537465292263036,0.002,2,1,2
01133,0.0,20220817,0.3537465292263036,0.023,2,1,1
12117,0.0,20220817,0.3537465292263036,0.034,2,1,1
28035,0.0,20220817,0.3537465292263036,0.008,2,1,2
26065,0.0,20220817,0.3537465292263036,0.014,2,1,1
20177,0.0027101185255155973,20220817,2.8428336114979267,0.014,1,4,1
46061,0.0005884083553986466,20220817,0.004627817950081972,0.027,1,4,1
27061,0.0,20220817,0.3537465292263036,0.011,2,1,1
01121,0.0,20220817,0.3537465292263036,0.01,2,1,2
48155,0.0,20220817,0.3144169148549091,0.031,2,1,1
19021,0.0022933492870675044,20220817,2.0967319441356853,0.005,1,4,2
39041,0.0,20220817,0.3537465292263036,0.007,2,1,2
37067,0.00297711856501286,20220817,6.315203337302471,0.001,1,4,3
13261,0.004091271953166578,20220817,10.157707612669734,0.001,1,4,3
29223,0.0,20220817,0.3537465292263036,0.003,2,1,2
56007,0.0,20220817,0.3268419781501255,0.006,2,1,2
30093,0.0,20220817,0.3537465292263036,0.041,2,1,1
26087,0.0,20220817,0.3537465292263036,0.005,2,1,2
28161,0.0,20220817,0.3537465292263036,0.023,2,1,1
26079,0.0,20220817,0.3537465292263036,0.004,2,1,2
47069,0.0,20220817,0.3537465292263036,0.003,2,1,2
04003,0.0020656724955707213,20220817,2.280193952356728,0.009,1,4,2
28023,0.0,20220817,0.3537465292263036,0.012,2,1,1
40057,0.0,20220817,0.3537465292263036,0.006,2,1,2
29039,0.0,20220817,0.3537465292263036,0.017,2,1,1
13059,0.001910030433679939,20220817,2.4709162956522857,0.002,1,4,2
48275,0.0,20220817,0.3537465292263036,0.004,2,1,2
46041,0.004457397565575175,20220817,3.2503368418978864,0.029,1,4,1
13077,0.0022406812787938014,20220817,2.7953457647955426,0.004,1,4,2
28127,0.0,20220817,0.3537465292263036,0.006,2,1,2
28131,0.0,20220817,0.3537465292263036,0.003,2,1,2
06013,0.0,20220817,0.3537465292263036,0.002,2,1,2
47017,0.0,20220817,0.3537465292263036,0.002,2,1,2
29017,0.0,20220817,0.3537465292263036,0.016,2,1,1
37077,0.0028822815533980583,20220817,3.583358549118202,0.003,1,4,2
31139,0.0,20220817,0.3537465292263036,0.01,2,1,2
13023,0.0022643866635433745,20220817,4.661556015248943,0.001,1,4,3
13033,0.0026642984014209592,20220817,1.4370248354406765,0.042,1,4,1
31141,0.0,20220817,0.3537465292263036,0.001,2,1,3
37185,0.0028143532013267664,20220817,4.182058953884003,0.001,1,4,3
13197,0.004032258064516129,20220817,7.27216358895566,0.001,1,4,3
13159,0.002012072434607646,20220817,2.941611575724769,0.002,1,4,2
29175,0.0,20220817,0.3537465292263036,0.009,2,1,2
20015,0.002024048697112357,20220817,2.7485199473779374,0.001,1,4,3
28121,0.0,20220817,0.3537465292263036,0.003,2,1,2
26155,0.0,20220817,0.3537465292263036,0.003,2,1,2
20089,0.0013864818024263432,20220817,0.8100153261991395,0.021,1,4,1
20123,0.0009764035801464605,20220817,0.53025283809405,0.007,1,4,2
12007,0.0,20220817,0.3537465292263036,0.015,2,1,1
28039,0.0,20220817,0.3537465292263036,0.018,2,1,1
21113,0.0,20220817,0.3537465292263036,0.015,2,1,1
21171,0.0,20220817,0.3537465292263036,0.008,2,1,2
40075,0.0,20220817,0.3537465292263036,0.005,2,1,2
46079,0.0007863489816780688,20220817,0.1750847513531956,0.034,1,4,1
37033,0.002027861047434315,20220817,1.409675508066531,0.023,1,4,1
39057,0.0,20220817,0.3537465292263036,0.006,2,1,2
01003,0.0,20220817,0.3537465292263036,0.005,2,1,2
13263,0.0009492168960607499,20220817,0.8767067285806036,0.001,1,4,3
31011,0.0,20220817,0.3537465292263036,0.006,2,1,2
47083,0.0,20220817,0.3537465292263036,0.02,2,1,1
42131,0.000878252277966846,20220817,0.27770646634441476,0.037,1,4,1
37107,0.0033652829656776375,20220817,7.021494205008524,0.001,1,4,3
51077,0.0006987676280015246,20220817,0.13639412032294787,0.006,1,4,2
39005,0.0,20220817,0.3537465292263036,0.003,2,1,2
31119,0.0,20220817,0.3537465292263036,0.01,2,1,2
12085,0.0,20220817,0.3537465292263036,0.018,2,1,1
13085,0.0037495924356048256,20220817,6.24404682701111,0.001,1,4,3
13167,0.0012382623052316583,20220817,1.036809574061524,0.002,1,4,2
29059,0.0,20220817,0.3537465292263036,0.01,2,1,2
20145,0.004374717151908282,20220817,4.588851173053887,0.006,1,4,2
12029,0.0,20220817,0.3537465292263036,0.043,2,1,1
26157,0.0,20220817,0.3537465292263036,0.009,2,1,2
20065,0.0003969829297340214,20220817,-0.4135416964327046,0.001,3,3,3
47055,0.0,20220817,0.3537465292263036,0.007,2,1,2
39095,0.0,20220817,0.3537465292263036,0.005,2,1,2
21081,0.0,20220817,0.3537465292263036,0.006,2,1,2
21217,0.0,20220817,0.3537465292263036,0.012,2,1,1
37075,0.0025854977083088495,20220817,2.0664282909783998,0.032,1,4,1
35015,0.00027714265918381487,20220817,-0.44105164902378535,0.007,3,3,2
20191,0.0022497187851518562,20220817,1.4080238757375811,0.027,1,4,1
27065,0.0,20220817,0.3537465292263036,0.016,2,1,1
42113,0.0016299918500407497,20220817,0.974315160042808,0.044,1,4,1
20171,0.002033760423022168,20220817,1.726567840647953,0.014,1,4,1
30013,0.0,20220817,0.3537465292263036,0.016,2,1,1
37137,0.004251633729627589,20220817,6.512687142552609,0.009,1,4,2
21083,0.0,20220817,0.3537465292263036,0.003,2,1,2
42021,0.0020224195355201527,20220817,2.2353482790954393,0.007,1,4,2
47107,0.0,20220817,0.3537465292263036,0.013,2,1,1
26093,0.0,20220817,0.3537465292263036,0.007,2,1,2
30029,0.0,20220817,0.3537465292263036,0.001,2,1,3
20189,0.0003569516330537212,20220817,-0.33911510859724975,0.007,3,3,2
21067,0.0,20220817,0.3537465292263036,0.006,2,1,2
47181,0.0,20220817,0.3537465292263036,0.011,2,1,1
31013,0.0,20220817,0.3537465292263036,0.017,2,1,1
42097,0.0021141879447695642,20220817,1.3967704060371535,0.016,1,4,1
40123,0.0,20220817,0.3537465292263036,0.002,2,1,2
40037,0.0,20220817,0.3537465292263036,0.006,2,1,2
47175,0.0,20220817,0.3537465292263036,0.024,2,1,1
40125,0.0,20220817,0.3537465292263036,0.004,2,1,2
13003,0.0026702269692923898,20220817,7.79579839852392,0.001,1,4,3
12031,0.0,20220817,0.3537465292263036,0.034,2,1,1
51530,0.00107958050586058,20220817,3.251406468837026,0.002,1,4,2
40011,0.0,20220817,0.3537465292263036,0.006,2,1,2
19123,0.0018949648077964266,20220817,1.2000800961170404,0.042,1,4,1
20045,0.0008230110566131849,20220817,0.33946004119877127,0.001,1,4,3
21197,0.0,20220817,0.3537465292263036,0.008,2,1,2
13151,0.0026313921084861287,20220817,4.215662004530064,0.002,1,4,2
27093,0.0,20220817,0.3537465292263036,0.009,2,1,2
31117,0.0,20220817,0.3537465292263036,0.01,2,1,2
31149,0.0,20220817,0.3537465292263036,0.018,2,1,1
47085,0.0,20220817,0.3537465292263036,0.018,2,1,1
13303,0.0010275983558426305,20220817,1.0878530229503565,0.001,1,4,3
47153,0.0,20220817,0.3537465292263036,0.005,2,1,2
04005,0.0015643359712332063,20220817,1.0110465166250056,0.02,1,4,1
06003,0.0,20220817,0.3118021312184829,0.034,2,1,1
01011,0.0,20220817,0.3537465292263036,0.023,2,1,1
39079,0.0,20220817,0.3537465292263036,0.006,2,1,2
25017,0.0,20220817,0.32324612404743613,0.05,2,1,1
01001,0.0,20220817,0.3537465292263036,0.011,2,1,1
20121,0.0018852679773767843,20220817,0.9975353653871544,0.038,1,4,1
13091,0.002640549234240722,20220817,4.862731302129408,0.001,1,4,3
13039,0.002611260355807706,20220817,2.304636650980473,0.036,1,4,1
26161,0.0,20220817,0.3537465292263036,0.008,2,1,2
48371,0.0003161555485298767,20220817,0.1363778651846649,0.034,2,1,1
13225,0.004678578006999447,20220817,13.662058250233201,0.001,1,4,3
13311,0.0035267387839533386,20220817,4.724079064761538,0.007,1,4,2
13163,0.0021769752849276477,20220817,2.9375420690433782,0.001,1,4,3
39151,0.0,20220817,0.3537465292263036,0.002,2,1,2
47145,0.0,20220817,0.3537465292263036,0.002,2,1,2
31073,0.0,20220817,0.3537465292263036,0.039,2,1,1
28095,0.0,20220817,0.3537465292263036,0.001,2,1,3
13289,0.0018228217280349982,20220817,2.4464241222101037,0.004,1,4,2
01087,0.0,20220817,0.3537465292263036,0.006,2,1,2
40103,0.0,20220817,0.3537465292263036,0.007,2,1,2
20063,0.0045385779122541605,20220817,3.514058599574303,0.021,1,4,1
01115,0.0,20220817,0.3537465292263036,0.007,2,1,2
28123,0.0,20220817,0.3537465292263036,0.005,2,1,2
13095,0.0016944806751167743,20220817,2.5144215756161348,0.001,1,4,3
13047,0.0021139430284857572,20220817,2.184873145646208,0.021,1,4,1
49035,0.0,20220817,0.3537465292263036,0.005,2,1,2
39157,0.0,20220817,0.3537465292263036,0.011,2,1,1
21029,0.0,20220817,0.3537465292263036,0.041,2,1,1
01047,0.0,20220817,0.3537465292263036,0.005,2,1,2
27021,0.0,20220817,0.3537465292263036,0.003,2,1,2
28163,0.0,20220817,0.3537465292263036,0.003,2,1,2
29107,0.0,20220817,0.33910267988528336,0.015,2,1,1
37195,0.0031190520046662984,20220817,5.87287954085976,0.001,1,4,3
39117,0.0,20220817,0.3537465292263036,0.017,2,1,1
30039,0.0,20220817,0.3537465292263036,0.041,2,1,1
19137,0.0012931463244802547,20220817,0.6619754538416162,0.019,1,4,1
29151,0.0,20220817,0.3537465292263036,0.004,2,1,2
45055,0.0,20220817,0.3537465292263036,0.004,2,1,2
37073,0.0017319016279875303,20220817,1.2672079421260918,0.01,1,4,2
39071,0.0,20220817,0.3537465292263036,0.006,2,1,2
46085,0.0,20220817,-0.42960564452701383,0.029,3,3,1
06113,0.0,20220817,0.3537465292263036,0.007,2,1,2
06115,0.0,20220817,0.3537465292263036,0.006,2,1,2
01117,0.0,20220817,0.3537465292263036,0.005,2,1,2
08091,0.0,20220817,0.3213726093468034,0.04,2,1,1
40149,0.0,20220817,0.3537465292263036,0.03,2,1,1
37135,0.002416526277997183,20220817,3.27284589532468,0.004,1,4,2
31111,0.0,20220817,0.3537465292263036,0.001,2,1,3
47079,0.0,20220817,0.3537465292263036,0.007,2,1,2
13229,0.0031688311688311687,20220817,6.481282250995724,0.001,1,4,3
28077,0.0,20220817,0.3537465292263036,0.008,2,1,2
13231,0.0034375511540350305,20220817,8.209364667605092,0.002,1,4,2
13259,0.0015890672175433022,20220817,1.7418149186429694,0.001,1,4,3
40041,0.0,20220817,0.3338868173939951,0.007,2,1,2
19107,0.001276010993325481,20220817,0.7222947115202822,0.02,1,4,1
13285,0.0032609162030349404,20220817,2.0643060036781815,0.046,1,4,1
06023,0.0,20220817,0.3537465292263036,0.039,2,1,1
47043,0.0,20220817,0.3537465292263036,0.009,2,1,2
27003,0.0,20220817,0.3537465292263036,0.009,2,1,2
46007,0.0020437956204379564,20220817,1.8232362070296502,0.027,1,4,1
48495,0.0003813397737384009,20220817,-0.3768667474037593,0.004,3,3,2
46071,0.000911854103343465,20220817,0.5613485142651875,0.002,1,4,2
49041,0.0,20220817,0.3537465292263036,0.009,2,1,2
01023,0.0,20220817,0.3537465292263036,0.004,2,1,2
31047,0.0,20220817,0.3537465292263036,0.005,2,1,2
20057,0.0020187834635302378,20220817,1.7370006993407203,0.015,1,4,1
13309,0.00037840565085771945,20220817,-0.35051270017997005,0.002,3,3,2
37049,0.002663648515479408,20220817,5.124058909895729,0.001,1,4,3
13321,0.0028300966136430173,20220817,7.084723262911527,0.001,1,4,3
31005,0.0,20220817,0.3537465292263036,0.01,2,1,2
19103,0.002059538151934687,20220817,1.7690323642434953,0.005,1,4,2
20133,0.0017382666997765085,20220817,1.7499252109635566,0.004,1,4,2
21089,0.0,20220817,0.3537465292263036,0.011,2,1,1
20107,0.0037224692379278254,20220817,2.8729105348779203,0.025,1,4,1
49017,0.0,20220817,0.3537465292263036,0.005,2,1,2
31085,0.0,20220817,0.3537465292263036,0.008,2,1,2
28051,0.0,20220817,0.3537465292263036,0.009,2,1,2
28105,0.0,20220817,0.3537465292263036,0.006,2,1,2
30027,0.0,20220817,0.3537465292263036,0.002,2,1,2
24023,0.0004446724816145032,20220817,-0.11556739478123908,0.034,3,3,1
40065,0.0,20220817,0.3144169148549091,0.049,2,1,1
40093,0.0,20220817,0.3537465292263036,0.003,2,1,2
47125,0.0,20220817,0.3537465292263036,0.002,2,1,2
19197,0.0016484810424680116,20220817,1.1474350734487144,0.01,1,4,2
29055,0.0,20220817,0.3537465292263036,0.01,2,1,2
51017,0.0,20220817,-1.6596063404879633,0.001,3,3,3
27111,0.0,20220817,0.3537465292263036,0.004,2,1,2
28115,0.0,20220817,0.3537465292263036,0.01,2,1,2
21141,0.0,20220817,0.3537465292263036,0.01,2,1,2
46033,0.0027526092441793786,20220817,2.538828113094722,0.02,1,4,1
37161,0.002117148906139732,20220817,2.1131450996329666,0.002,1,4,2
01043,0.0,20220817,0.3537465292263036,0.008,2,1,2
13097,0.003105026654386112,20220817,4.040541697482134,0.009,1,4,2
31097,0.0,20220817,0.3537465292263036,0.017,2,1,1
37187,0.003606777386344573,20220817,6.287115765893583,0.001,1,4,3
37007,0.0022889727732712233,20220817,1.9304315759548634,0.019,1,4,1
31003,0.0,20220817,0.3537465292263036,0.008,2,1,2
29073,0.0,20220817,0.3537465292263036,0.004,2,1,2
21031,0.0,20220817,0.3537465292263036,0.003,2,1,2
56005,0.0,20220817,0.3537465292263036,0.007,2,1,2
13211,0.0029178148808558925,20220817,4.181103976204239,0.004,1,4,2
51035,0.0009731217073252576,20220817,0.32080673198831827,0.034,1,4,1
29183,0.0,20220817,0.30160630005246447,0.041,2,1,1
06069,0.0,20220817,0.3537465292263036,0.013,2,1,1
20013,0.001973820901724496,20220817,1.442225280286081,0.037,1,4,1
13031,0.003284287966368891,20220817,6.176298828248415,0.002,1,4,2
21071,0.0,20220817,0.3537465292263036,0.019,2,1,1
30007,0.0,20220817,0.3537465292263036,0.038,2,1,1
45041,0.0,20220817,0.3537465292263036,0.001,2,1,3
30003,0.0,20220817,0.3537465292263036,0.002,2,1,2
28031,0.0,20220817,0.3537465292263036,0.008,2,1,2
21021,0.0,20220817,0.3537465292263036,0.007,2,1,2
21065,0.0,20220817,0.3537465292263036,0.021,2,1,1
48087,0.0,20220817,0.30991612549570835,0.03,2,1,1
13109,0.004678581454103116,20220817,10.040714075187863,0.001,1,4,3
13307,0.0038314176245210726,20220817,8.490814668072382,0.002,1,4,2
13169,0.001889499282690087,20220817,2.223679452003135,0.002,1,4,2
13135,0.0020512629966143777,20220817,3.024178310504058,0.001,1,4,3
37061,0.003764817609849577,20220817,8.621617145082412,0.001,1,4,3
37087,0.0021620559186280772,20220817,1.663221966676558,0.008,1,4,2
27037,0.0,20220817,0.32901215443710025,0.018,2,1,1
21229,0.0,20220817,0.3537465292263036,0.011,2,1,1
28137,0.0,20220817,0.3537465292263036,0.019,2,1,1
31163,0.0,20220817,0.3537465292263036,0.02,2,1,1
26057,0.0,20220817,0.3537465292263036,0.002,2,1,2
19175,0.0017802233371095647,20220817,1.4997427775109895,0.005,1,4,2
31113,0.0,20220817,0.3537465292263036,0.02,2,1,1
31121,0.0,20220817,0.3537465292263036,0.008,2,1,2
21039,0.0,20220817,0.3537465292263036,0.014,2,1,1
56025,0.0,20220817,0.3537465292263036,0.015,2,1,1
28007,0.0,20220817,0.3537465292263036,0.001,2,1,3
19169,0.0009696619593360911,20220817,0.3787682487375486,0.028,1,4,1
20011,0.002532858707557503,20220817,2.8963232668314687,0.003,1,4,2
45085,0.0,20220817,0.3537465292263036,0.007,2,1,2
06029,0.0,20220817,0.31875226326193035,0.005,2,1,2
45075,0.0,20220817,0.3537465292263036,0.002,2,1,2
27101,0.0,20220817,0.3537465292263036,0.005,2,1,2
44007,0.0,20220817,0.33815895662004464,0.013,2,1,1
29161,0.0,20220817,0.3537465292263036,0.009,2,1,2
28117,0.0,20220817,0.3537465292263036,0.002,2,1,2
21235,0.0,20220817,0.3537465292263036,0.01,2,1,2
13107,0.0024852438645542093,20220817,2.8876459193750947,0.001,1,4,3
42025,0.0014556952118584376,20220817,0.9602893255396598,0.024,1,4,1
47171,0.0,20220817,-0.6914081901627182,0.013,3,3,1
26165,0.0,20220817,0.3537465292263036,0.005,2,1,2
42013,0.0022085630536632104,20220817,2.2220533512143827,0.012,1,4,1
29085,0.0,20220817,0.3537465292263036,0.013,2,1,1
29009,0.0,20220817,0.3053094340713501,0.044,2,1,1
27123,0.0,20220817,0.3537465292263036,0.036,2,1,1
12071,0.0,20220817,0.3537465292263036,0.035,2,1,1
47031,0.0,20220817,0.3537465292263036,0.005,2,1,2
21183,0.0,20220817,0.3537465292263036,0.002,2,1,2
13071,0.0032977179791584222,20220817,7.3473704178424954,0.001,1,4,3
27167,0.0,20220817,0.3239367431072571,0.036,2,1,1
42111,0.001855811514100133,20220817,1.675545062108644,0.013,1,4,1
37081,0.0024267430493987133,20220817,3.9120372942240498,0.002,1,4,2
40039,0.0,20220817,0.3537465292263036,0.005,2,1,2
39101,0.0,20220817,0.3537465292263036,0.007,2,1,2
13245,0.0021748607890929987,20220817,2.05221475116667,0.008,1,4,2
01107,0.0,20220817,0.3537465292263036,0.002,2,1,2
40045,0.0,20220817,0.3320833083423445,0.008,2,1,2
19075,0.0020326855841938368,20220817,1.5556699317891574,0.015,1,4,1
06011,0.0,20220817,0.3537465292263036,0.015,2,1,1
27059,0.0,20220817,0.3537465292263036,0.007,2,1,2
28029,0.0,20220817,0.3537465292263036,0.003,2,1,2
51015,0.0026505414296940557,20220817,3.0044320418947925,0.002,1,4,2
49031,0.0,20220817,0.3537465292263036,0.027,2,1,1
21161,0.0,20220817,0.3537465292263036,0.004,2,1,2
27009,0.0,20220817,0.3537465292263036,0.032,2,1,1
12005,0.0,20220817,0.3537465292263036,0.019,2,1,1
01077,0.0,20220817,0.3537465292263036,0.003,2,1,2
39127,0.0,20220817,0.3537465292263036,0.013,2,1,1
13011,0.0025657472738935213,20220817,3.399340390226601,0.004,1,4,2
13305,0.001812810527729287,20220817,2.5813452719148855,0.001,1,4,3
40109,0.0,20220817,0.3537465292263036,0.004,2,1,2
40069,0.0,20220817,0.3537465292263036,0.004,2,1,2
37099,0.001676836368717686,20220817,1.4198409084548964,0.027,1,4,1
49043,0.0,20220817,0.3537465292263036,0.001,2,1,3
29167,0.0,20220817,0.3537465292263036,0.01,2,1,2
21023,0.0,20220817,0.3537465292263036,0.006,2,1,2
27159,0.0,20220817,0.3537465292263036,0.012,2,1,1
04007,0.003212191386844956,20220817,4.765452657897436,0.003,1,4,2
21043,0.0,20220817,0.3537465292263036,0.006,2,1,2
37097,0.002734450660255899,20220817,5.231353519881852,0.001,1,4,3
37091,0.002915209062135599,20220817,3.7159632616278935,0.003,1,4,2
27113,0.0,20220817,0.3537465292263036,0.01,2,1,2
40031,0.0,20220817,0.3537465292263036,0.008,2,1,2
26049,0.0,20220817,0.3537465292263036,0.01,2,1,2
28013,0.0,20220817,0.3537465292263036,0.008,2,1,2
28041,0.0,20220817,0.3537465292263036,0.021,2,1,1
30017,0.0,20220817,0.3537465292263036,0.008,2,1,2
40127,0.0,20220817,0.3537465292263036,0.007,2,1,2
29025,0.0,20220817,0.3537465292263036,0.008,2,1,2
12107,0.0,20220817,0.3537465292263036,0.006,2,1,2
42067,0.0012183235867446393,20220817,0.731029695171506,0.008,1,4,2
37039,0.0026815402767349566,20220817,2.292193043351091,0.013,1,4,1
26107,0.0,20220817,0.3537465292263036,0.009,2,1,2
12067,0.0,20220817,0.3537465292263036,0.02,2,1,1
37035,0.003197705773000958,20220817,6.7869038981736285,0.001,1,4,3
21025,0.0,20220817,0.3537465292263036,0.005,2,1,2
08069,0.00026393183017871957,20220817,0.17099971856753793,0.047,2,1,1
37177,0.002197802197802198,20220817,2.8028080527771353,0.002,1,4,2
27131,0.0,20220817,0.3537465292263036,0.004,2,1,2
29219,0.0,20220817,0.3537465292263036,0.019,2,1,1
21227,0.0,20220817,0.3537465292263036,0.005,2,1,2
19127,0.0020518466619957963,20220817,1.466430003219249,0.024,1,4,1
37113,0.0017809439002671415,20220817,2.0352885397089597,0.002,1,4,2
21105,0.0,20220817,0.3537465292263036,0.007,2,1,2
01061,0.0,20220817,0.3537465292263036,0.003,2,1,2
19055,0.002095093988244195,20220817,1.4842473407407526,0.022,1,4,1
20127,0.0016169601149838304,20220817,1.9073178523796894,0.002,1,4,2
37143,0.002531645569620253,20220817,3.445546114830735,0.004,1,4,2
12047,0.0,20220817,-0.46366113859450825,0.048,3,3,1
12075,0.0,20220817,0.3537465292263036,0.011,2,1,1
13315,0.003739800543970988,20220817,11.30632984924739,0.001,1,4,3
47093,0.0,20220817,0.3537465292263036,0.001,2,1,3
13281,0.0011190496685891365,20220817,1.0633964228308217,0.003,1,4,2
28129,0.0,20220817,0.3537465292263036,0.003,2,1,2
37095,0.0019182812200268559,20220817,3.08808978516418,0.002,1,4,2
21145,0.0,20220817,0.31723640718796087,0.027,2,1,1
46125,0.0020481927710843373,20220817,1.1639644795582442,0.048,1,4,1
26141,0.0,20220817,0.3537465292263036,0.013,2,1,1
40027,0.0,20220817,0.3537465292263036,0.04,2,1,1
37165,0.002565856996236743,20220817,2.8296596136406285,0.009,1,4,2
37085,0.00247197296704792,20220817,3.6709458330850175,0.001,1,4,3
37105,0.002380913014004398,20220817,2.7372135901784858,0.023,1,4,1
20027,0.0025983667409057165,20220817,2.673923603386999,0.016,1,4,1
40145,0.0,20220817,0.3537465292263036,0.006,2,1,2
30083,0.0,20220817,0.3117714541564434,0.027,2,1,1
47135,0.0,20220817,0.3537465292263036,0.01,2,1,2
42051,0.0034424456596243774,20220817,3.2505966269247204,0.011,1,4,1
31075,0.0,20220817,0.3537465292263036,0.013,2,1,1
21107,0.0,20220817,0.3537465292263036,0.017,2,1,1
27035,0.0,20220817,0.3537465292263036,0.04,2,1,1
04009,0.00418465101589641,20220817,8.271397106232607,0.001,1,4,3
13101,0.0025119316754584277,20220817,4.2764248306956025,0.001,1,4,3
20105,0.0016425755584756898,20220817,1.8982046895256979,0.003,1,4,2
20183,0.0019299696719051558,20220817,1.9518006543410507,0.003,1,4,2
28005,0.0,20220817,0.2994286745430688,0.037,2,1,1
26025,0.0,20220817,0.3537465292263036,0.006,2,1,2
40009,0.0,20220817,0.3537465292263036,0.002,2,1,2
19153,0.0013615172264246933,20220817,0.6429717087886659,0.034,1,4,1
13179,0.005053057099545225,20220817,11.607892869991645,0.001,1,4,3
47187,0.0,20220817,0.3537465292263036,0.004,2,1,2
56021,0.0,20220817,0.3139087129714006,0.028,2,1,1
13247,0.0026082013442268468,20220817,3.835470516048367,0.003,1,4,2
40049,0.0,20220817,0.3537465292263036,0.009,2,1,2
06019,0.0,20220817,0.3537465292263036,0.001,2,1,3
13105,0.0018261504747991235,20220817,0.9941231169410272,0.032,1,4,1
37017,0.0027838476965905347,20220817,5.340605827786447,0.001,1,4,3
47035,0.0,20220817,0.3537465292263036,0.003,2,1,2
26137,0.0,20220817,0.3537465292263036,0.001,2,1,3
19161,0.002550499897980004,20220817,2.205770311729998,0.015,1,4,1
49015,0.0,20220817,0.3537465292263036,0.005,2,1,2
30109,0.0,20220817,0.346176153626662,0.01,2,1,2
40021,0.0,20220817,0.3537465292263036,0.01,2,1,2
27173,0.0,20220817,0.3337088024522108,0.006,2,1,2
48335,0.0002346591575736243,20220817,0.18161957630197703,0.039,2,1,1
51678,0.0,20220817,-3.832474622652363,0.002,3,3,2
47071,0.0,20220817,0.3537465292263036,0.002,2,1,2
45067,0.0,20220817,0.3537465292263036,0.024,2,1,1
29207,0.0,20220817,0.3537465292263036,0.004,2,1,2
13093,0.004076878276062901,20220817,13.690007834102024,0.001,1,4,3
27145,0.0,20220817,0.3537465292263036,0.002,2,1,2
31155,0.0,20220817,0.3537465292263036,0.005,2,1,2
27141,0.0,20220817,0.3537465292263036,0.003,2,1,2
48207,0.0,20220817,0.3231571381305435,0.016,2,1,1
40083,0.0,20220817,0.3537465292263036,0.002,2,1,2
40121,0.0,20220817,0.3537465292263036,0.002,2,1,2
27079,0.0,20220817,0.3537465292263036,0.004,2,1,2
19105,0.001361933946203609,20220817,1.1248336269237973,0.006,1,4,2
29169,0.0,20220817,0.3537465292263036,0.007,2,1,2
01045,0.0,20220817,0.3537465292263036,0.006,2,1,2
20109,0.00035650623885918,20220817,-0.32425182593241997,0.005,3,3,2
29075,0.0,20220817,0.3537465292263036,0.007,2,1,2
31009,0.0,20220817,0.3537465292263036,0.005,2,1,2
49009,0.0,20220817,0.3445188255701182,0.018,2,1,1
56031,0.0,20220817,0.3537465292263036,0.02,2,1,1
37071,0.002681613163619448,20220817,2.96453279771809,0.018,1,4,1
30037,0.0,20220817,0.3537465292263036,0.007,2,1,2
37101,0.002448316147711688,20220817,4.431841015469042,0.001,1,4,3
06085,0.0,20220817,0.3537465292263036,0.01,2,1,2
45019,0.0,20220817,0.3537465292263036,0.041,2,1,1
29001,0.0,20220817,0.3537465292263036,0.004,2,1,2
39043,0.0,20220817,0.3537465292263036,0.034,2,1,1
29189,0.0,20220817,0.2971875379073485,0.038,2,1,1
06103,0.0,20220817,0.3537465292263036,0.008,2,1,2
13235,0.006508559201141227,20220817,16.90142629607793,0.001,1,4,3
37015,0.003869969040247678,20220817,8.693921035266602,0.001,1,4,3
37167,0.0031012534909397936,20220817,4.968798706690383,0.001,1,4,3
47143,0.0,20220817,0.3537465292263036,0.012,2,1,1
37079,0.0025673940949935813,20220817,5.426584978900673,0.003,1,4,2
21131,0.0,20220817,0.3537465292263036,0.04,2,1,1
21143,0.0,20220817,0.3537465292263036,0.019,2,1,1
47133,0.0,20220817,0.3537465292263036,0.013,2,1,1
26081,0.0,20220817,0.3537465292263036,0.002,2,1,2
37147,0.0028301939663627246,20220817,5.5559782383125444,0.001,1,4,3
30009,0.0,20220817,0.3537465292263036,0.01,2,1,2
31167,0.0,20220817,0.3537465292263036,0.005,2,1,2
13001,0.002494577006507592,20220817,3.9651546536596145,0.001,1,4,3
19099,0.001487652484379649,20220817,1.005122029163772,0.013,1,4,1
28153,0.0,20220817,0.3537465292263036,0.002,2,1,2
48101,0.0,20220817,0.3253597496296722,0.021,2,1,1
51081,0.0,20220817,-0.7747435409049067,0.006,3,3,2
12105,0.0,20220817,0.3537465292263036,0.001,2,1,3
48503,5.5444666223109334e-05,20220817,0.2833571888583643,0.029,2,1,1
01123,0.0,20220817,0.3537465292263036,0.003,2,1,2
19149,0.0010371788734641774,20220817,0.448052687329376,0.031,1,4,1
29229,0.0,20220817,0.3537465292263036,0.038,2,1,1
13121,0.0019957537154989386,20220817,2.3655612169391786,0.001,1,4,3
26063,0.0,20220817,0.3537465292263036,0.014,2,1,1
26069,0.0,20220817,0.3537465292263036,0.014,2,1,1
13069,0.0025336463587550266,20220817,4.7886636242726555,0.001,1,4,3
13299,0.0039333576826904165,20220817,7.873636732739141,0.001,1,4,3
19083,0.0014653302854463397,20220817,0.847174170314535,0.026,1,4,1
39027,0.0,20220817,0.3537465292263036,0.006,2,1,2
27137,0.0,20220817,0.31411059897626176,0.029,2,1,1
39093,0.0,20220817,0.3537465292263036,0.016,2,1,1
21121,0.0,20220817,0.3537465292263036,0.034,2,1,1
26067,0.0,20220817,0.3537465292263036,0.006,2,1,2
37129,0.0020751256920741607,20220817,3.433366305869024,0.016,1,4,1
47131,0.0,20220817,0.3537465292263036,0.008,2,1,2
21035,0.0,20220817,0.3537465292263036,0.018,2,1,1
47147,0.0,20220817,0.3537465292263036,0.003,2,1,2
21109,0.0,20220817,0.3537465292263036,0.004,2,1,2
27031,0.0,20220817,0.3440509998436801,0.031,2,1,1
45073,0.0,20220817,-0.44650594852282427,0.015,3,3,1
29007,0.0,20220817,0.3537465292263036,0.006,2,1,2
45029,0.0,20220817,0.3537465292263036,0.004,2,1,2
48191,0.00032808398950131233,20220817,0.15503907204988382,0.006,2,1,2
37141,0.0030298514876074107,20220817,5.833505082784961,0.001,1,4,3
46117,0.001325820351342393,20220817,0.6710297984170979,0.013,1,4,1
48023,0.0,20220817,0.2866276787862677,0.043,2,1,1
06077,0.0,20220817,0.3537465292263036,0.009,2,1,2
28159,0.0,20220817,0.3537465292263036,0.004,2,1,2
21103,0.0,20220817,0.3537465292263036,0.013,2,1,1
21167,0.0,20220817,0.3537465292263036,0.004,2,1,2
31183,0.0,20220817,0.3537465292263036,0.015,2,1,1
21135,0.0,20220817,0.3537465292263036,0.003,2,1,2
27051,0.0,20220817,0.3537465292263036,0.01,2,1,2
28053,0.0,20220817,0.3537465292263036,0.003,2,1,2
01025,0.0,20220817,0.3537465292263036,0.006,2,1,2
20017,0.004171406901782328,20220817,4.287187403085561,0.019,1,4,1
21221,0.0,20220817,0.3537465292263036,0.009,2,1,2
27023,0.0,20220817,0.3537465292263036,0.015,2,1,1
46103,0.0023309391516465644,20220817,2.855994853422165,0.003,1,4,2
16043,0.0,20220817,0.28052932831092836,0.045,2,1,1
13029,0.0036424466449019237,20220817,10.996902205840867,0.001,1,4,3
20207,0.0003167564143173899,20220817,-0.44489234959692947,0.003,3,3,2
21157,0.0,20220817,0.3537465292263036,0.008,2,1,2
13065,0.00613221657194137,20220817,9.722102220918508,0.003,1,4,2
13185,0.002955861447245241,20220817,4.568438514515296,0.001,1,4,3
26099,0.0,20220817,0.3537465292263036,0.03,2,1,1
13287,0.00616895379579504,20220817,14.782376253563877,0.001,1,4,3
21099,0.0,20220817,0.3537465292263036,0.004,2,1,2
21137,0.0,20220817,0.3537465292263036,0.011,2,1,1
30005,0.0,20220817,0.3537465292263036,0.041,2,1,1
12091,0.0,20220817,0.3537465292263036,0.033,2,1,1
06001,0.0,20220817,0.3537465292263036,0.009,2,1,2
28103,0.0,20220817,0.3537465292263036,0.006,2,1,2
30045,0.0,20220817,0.3537465292263036,0.012,2,1,1
37121,0.006331644894694748,20220817,5.42117644062677,0.042,1,4,1
30077,0.0,20220817,0.3537465292263036,0.006,2,1,2
01129,0.0,20220817,0.3537465292263036,0.008,2,1,2
13243,0.0027247956403269754,20220817,4.634974384035437,0.001,1,4,3
01089,0.0,20220817,0.3537465292263036,0.01,2,1,2
47189,0.0,20220817,0.3537465292263036,0.005,2,1,2
40067,0.0,20220817,0.3181457043049268,0.037,2,1,1
19145,0.0007859575582918522,20220817,0.16600824141195863,0.027,1,4,1
20087,0.0023292747485442033,20220817,2.4293058246713377,0.019,1,4,1
37133,0.0031937417016542863,20220817,6.358139254418737,0.002,1,4,2
47057,0.0,20220817,0.3537465292263036,0.003,2,1,2
13249,0.001723807699674392,20220817,4.2197604760264635,0.001,1,4,3
48389,0.00019364833462432224,20220817,-0.5036727833643188,0.012,3,3,1
37179,0.002618446849856959,20220817,2.461102141959082,0.012,1,4,1
42087,0.0015558820987120754,20220817,0.824754400823966,0.047,1,4,1
01041,0.0,20220817,0.3537465292263036,0.007,2,1,2
20153,0.0003996802557953637,20220817,-0.12837535373479345,0.042,3,3,1
20193,0.0026888604353393084,20220817,2.7422197476167525,0.008,1,4,2
13161,0.0031923383878691143,20220817,3.8180289778534195,0.006,1,4,2
19035,0.0029092832583972493,20220817,2.85956699182214,0.007,1,4,2
28083,0.0,20220817,0.3537465292263036,0.009,2,1,2
29053,0.0,20220817,0.3537465292263036,0.005,2,1,2
28027,0.0,20220817,0.3266199603115392,0.023,2,1,1
19163,0.0018846479477633577,20220817,1.384673991385558,0.039,1,4,1
20143,0.0020611473720371005,20220817,1.9240715213640234,0.009,1,4,2
12059,0.0,20220817,0.3537465292263036,0.04,2,1,1
40117,0.0,20220817,0.3537465292263036,0.012,2,1,1
39009,0.0,20220817,0.3109739070883285,0.026,2,1,1
21199,0.0,20220817,0.3537465292263036,0.004,2,1,2
37065,0.003020057741984501,20220817,6.62764227758304,0.001,1,4,3
49001,0.0,20220817,0.3537465292263036,0.011,2,1,1
13213,0.0031718860134931025,20220817,3.4713733118175094,0.009,1,4,2
26117,0.0,20220817,0.3537465292263036,0.006,2,1,2
12021,0.0,20220817,0.3537465292263036,0.019,2,1,1
35031,0.0008144896325133217,20220817,0.2752263117850042,0.028,1,4,1
13017,0.003052897316972935,20220817,6.611486932097951,0.001,1,4,3
12003,0.0,20220817,-0.4268363491179697,0.039,3,3,1
13173,0.0045279383429672445,20220817,12.401129517772796,0.001,1,4,3
20159,0.0023814454338372333,20220817,4.445318472505674,0.001,1,4,3
01015,0.0,20220817,0.3537465292263036,0.018,2,1,1
28059,0.0,20220817,0.3537465292263036,0.037,2,1,1
21037,0.0,20220817,0.3537465292263036,0.032,2,1,1
21057,0.0,20220817,0.3537465292263036,0.007,2,1,2
28107,0.0,20220817,0.3537465292263036,0.006,2,1,2
26017,0.0,20220817,0.3537465292263036,0.006,2,1,2
06007,0.0,20220817,0.3537465292263036,0.008,2,1,2
27115,0.0,20220817,0.29713623290259517,0.038,2,1,1
13155,0.0013948497854077253,20220817,2.794348960294626,0.001,1,4,3
26011,0.0,20220817,0.3537465292263036,0.011,2,1,1
20141,0.0031161473087818695,20220817,3.7344317429413825,0.007,1,4,2
21125,0.0,20220817,0.3537465292263036,0.004,2,1,2
47121,0.0,20220817,0.3537465292263036,0.015,2,1,1
13269,0.004435682602267127,20220817,10.792491666270955,0.001,1,4,3
40087,0.0,20220817,0.3537465292263036,0.014,2,1,1
54071,0.000999857163262391,20220817,0.6524691096106635,0.004,1,4,2
37119,0.002582656646269108,20220817,2.5854228360094225,0.007,1,4,2
29115,0.0,20220817,0.3537465292263036,0.008,2,1,2
13209,0.0008831971737690439,20220817,0.44220837515567096,0.015,1,4,1
13133,0.0024785290218456396,20220817,5.299231017627817,0.001,1,4,3
39143,0.0,20220817,0.3537465292263036,0.018,2,1,1
40107,0.0,20220817,0.3537465292263036,0.002,2,1,2
26145,0.0,20220817,0.3537465292263036,0.006,2,1,2
51023,0.00038988693278949103,20220817,-0.28594868400054824,0.007,3,3,2
31053,0.0,20220817,0.3537465292263036,0.002,2,1,2
04025,0.001442558546392069,20220817,1.139481682929011,0.011,1,4,1
45051,0.0,20220817,-0.4568225297128625,0.046,3,3,1
29211,0.0,20220817,0.3537465292263036,0.014,2,1,1
20135,0.0006954102920723226,20220817,0.1971517635299641,0.001,1,4,3
39113,0.0,20220817,0.3537465292263036,0.001,2,1,3
48447,0.0,20220817,0.3127715095234109,0.025,2,1,1
13221,0.0015404192619382492,20220817,1.922076384425942,0.001,1,4,3
20205,0.002992633517495396,20220817,2.864402704556009,0.011,1,4,1
46095,0.0009746588693957114,20220817,0.4362439481266482,0.026,1,4,1
30067,0.0,20220817,0.3537465292263036,0.004,2,1,2
37199,0.002533783783783784,20220817,4.281098947929697,0.001,1,4,3
27149,0.0,20220817,0.3537465292263036,0.006,2,1,2
13301,0.0022654332641117614,20220817,5.841800065417297,0.001,1,4,3
48197,0.0,20220817,0.3144169148549091,0.028,2,1,1
13165,0.001592175594222677,20220817,2.004570051275269,0.001,1,4,3
21085,0.0,20220817,0.3537465292263036,0.007,2,1,2
48363,0.0001751927119831815,20220817,0.21207752358402365,0.042,2,1,1
13149,0.0017893660531697342,20220817,1.5756750644077757,0.026,1,4,1
01079,0.0,20220817,0.3537465292263036,0.005,2,1,2
28093,0.0,20220817,0.3537465292263036,0.003,2,1,2
20081,0.0012444001991040318,20220817,1.1286443434627826,0.002,1,4,2
13295,0.001940931937021104,20220817,1.8874830588046678,0.003,1,4,2
19095,0.001111866081907468,20220817,0.6322839970609262,0.011,1,4,1
31019,0.0,20220817,0.3537465292263036,0.001,2,1,3
19023,0.0012305168170631665,20220817,0.6352177739488993,0.016,1,4,1
30085,0.0,20220817,0.31776789345213774,0.024,2,1,1
29135,0.0,20220817,0.3537465292263036,0.019,2,1,1
37197,0.003962555183234935,20220817,9.224682632266413,0.001,1,4,3
06047,0.0,20220817,0.30738906045678754,0.039,2,1,1
40043,0.0,20220817,0.3537465292263036,0.009,2,1,2
37023,0.0032455984349991107,20220817,6.262999807335558,0.001,1,4,3
37191,0.003575964984668657,20220817,7.79429623445837,0.001,1,4,3
37059,0.0034550488676432308,20220817,7.378736669074912,0.001,1,4,3
37111,0.0034492670307559644,20220817,7.154133938883469,0.001,1,4,3
39011,0.0,20220817,0.3537465292263036,0.007,2,1,2
20169,0.0019378073526992194,20220817,2.701946215862874,0.002,1,4,2
21153,0.0,20220817,0.3537465292263036,0.007,2,1,2
29027,0.0,20220817,0.3537465292263036,0.014,2,1,1
56001,0.0,20220817,0.32710435602219573,0.019,2,1,1
56029,0.0,20220817,0.3537465292263036,0.001,2,1,3
42093,0.001752560381181883,20220817,1.5635827075270825,0.031,1,4,1
12121,0.0,20220817,0.3537465292263036,0.014,2,1,1
26031,0.0,20220817,0.3537465292263036,0.008,2,1,2
26051,0.0,20220817,0.3537465292263036,0.005,2,1,2
21173,0.0,20220817,0.3537465292263036,0.007,2,1,2
21123,0.0,20220817,0.3537465292263036,0.01,2,1,2
19193,0.001627902442828456,20220817,0.9227430194537674,0.026,1,4,1
12123,0.0,20220817,0.3537465292263036,0.022,2,1,1
17003,0.0006389776357827476,20220817,-0.03101971910176083,0.017,4,2,1
29099,0.0,20220817,0.3360205771812987,0.009,2,1,2
29113,0.0,20220817,0.3537465292263036,0.015,2,1,1
13051,0.0027937995674116797,20220817,6.1909757851390435,0.001,1,4,3
12125,0.0,20220817,0.3537465292263036,0.037,2,1,1
19041,0.0019122817839738449,20220817,1.4927306617240887,0.012,1,4,1
30025,0.0,20220817,0.3537465292263036,0.002,2,1,2
46107,0.0021598272138228943,20220817,1.2840182107126268,0.034,1,4,1
48013,0.00014133419479890163,20220817,0.21779936321245202,0.043,2,1,1
20095,0.0016348773841961854,20220817,1.5933227234800846,0.007,1,4,2
13241,0.001441874436767798,20220817,0.9856594076784729,0.031,1,4,1
29215,0.0,20220817,0.3537465292263036,0.002,2,1,2
19047,0.0013502406950804274,20220817,0.896582148803898,0.004,1,4,2
39055,0.0,20220817,0.3537465292263036,0.006,2,1,2
06107,0.0,20220817,0.3537465292263036,0.031,2,1,1
12019,0.0,20220817,0.3537465292263036,0.015,2,1,1
37183,0.002551729105145644,20220817,3.9293067434677815,0.002,1,4,2
30055,0.0,20220817,0.3537465292263036,0.008,2,1,2
19019,0.0012785301638412727,20220817,0.8214108209848098,0.01,1,4,2
46047,0.0016303542315103008,20220817,0.9626673407204048,0.037,1,4,1
13219,0.001337459351725585,20220817,1.5853720412500194,0.001,1,4,3
31059,0.0,20220817,0.3537465292263036,0.004,2,1,2
13027,0.0026298909557408595,20220817,2.3816035129747486,0.006,1,4,2
20185,0.0028701267639320736,20220817,4.69553173111597,0.002,1,4,2
13271,0.001995634549423137,20220817,2.9356118086247895,0.002,1,4,2
26115,0.0,20220817,0.3537465292263036,0.029,2,1,1
13201,0.0012096077414895455,20220817,0.7673217650603247,0.035,1,4,1
47103,0.0,20220817,0.3537465292263036,0.003,2,1,2
21211,0.0,20220817,0.3537465292263036,0.009,2,1,2
31185,0.0,20220817,0.3537465292263036,0.01,2,1,2
47037,0.0,20220817,0.3537465292263036,0.008,2,1,2
49047,0.0,20220817,0.29917043229053153,0.042,2,1,1
49049,0.0,20220817,0.3537465292263036,0.004,2,1,2
29141,0.0,20220817,0.3537465292263036,0.005,2,1,2
39075,0.0,20220817,0.3537465292263036,0.006,2,1,2
26077,0.0,20220817,0.3537465292263036,0.004,2,1,2
45061,0.0,20220817,0.3537465292263036,0.04,2,1,1
56019,0.0,20220817,0.3537465292263036,0.006,2,1,2
26055,0.0,20220817,0.3537465292263036,0.006,2,1,2
45027,0.0,20220817,0.3537465292263036,0.008,2,1,2
30095,0.0,20220817,0.3537465292263036,0.006,2,1,2
47007,0.0,20220817,0.3537465292263036,0.015,2,1,1
21219,0.0,20220817,0.3537465292263036,0.02,2,1,1
47183,0.0,20220817,0.3537465292263036,0.008,2,1,2
29077,0.0,20220817,0.3537465292263036,0.006,2,1,2
42077,0.001487459320863877,20220817,0.897495295322232,0.027,1,4,1
31159,0.0,20220817,0.3537465292263036,0.006,2,1,2
06099,0.0,20220817,0.31401155599528985,0.027,2,1,1
01103,0.0,20220817,0.3537465292263036,0.02,2,1,1
21027,0.0,20220817,0.31147100279111517,0.037,2,1,1
28043,0.0,20220817,0.3537465292263036,0.005,2,1,2
21213,0.0,20220817,0.3537465292263036,0.011,2,1,1
51125,0.0003371316836356281,20220817,-0.3000680090205283,0.019,3,3,1
12097,0.0,20220817,0.3537465292263036,0.004,2,1,2
13175,0.0022993355131315264,20220817,2.4106786153570083,0.005,1,4,2
12083,0.0,20220817,0.3537465292263036,0.003,2,1,2
01075,0.0,20220817,0.3537465292263036,0.019,2,1,1
47117,0.0,20220817,0.3537465292263036,0.006,2,1,2
56033,0.0,20220817,0.3537465292263036,0.015,2,1,1
42041,0.0013355900660976705,20220817,0.9793925534571769,0.017,1,4,1
42055,0.0026208748791737755,20220817,1.5526235043454792,0.037,1,4,1
42079,0.001564551112342325,20220817,1.0329771986065097,0.014,1,4,1
26039,0.0,20220817,0.3537465292263036,0.003,2,1,2
39019,0.0,20220817,0.3537465292263036,0.017,2,1,1
13195,0.0022931069888424945,20220817,2.519055410090542,0.001,1,4,3
13067,0.0020553288126748826,20220817,3.1187422012360098,0.002,1,4,2
29035,0.0,20220817,0.3537465292263036,0.012,2,1,1
31035,0.0,20220817,0.3537465292263036,0.008,2,1,2
19033,0.0012606807676145118,20220817,0.718781469245553,0.005,1,4,2
19073,0.0005586592178770949,20220817,-0.019811349157639296,0.042,3,3,1
21205,0.0,20220817,0.3537465292263036,0.003,2,1,2
49055,0.0,20220817,0.3537465292263036,0.009,2,1,2
29133,0.0,20220817,0.29846032845280046,0.05,2,1,1
01059,0.0,20220817,0.3537465292263036,0.006,2,1,2
26097,0.0,20220817,0.3537465292263036,0.004,2,1,2
28141,0.0,20220817,0.3537465292263036,0.003,2,1,2
20055,0.0,20220817,-1.0838762944333962,0.001,3,3,3
20125,0.0019064604409458504,20220817,1.1793664390697824,0.026,1,4,1
45039,0.0,20220817,0.3537465292263036,0.007,2,1,2
31033,0.0,20220817,0.349880447715556,0.003,2,1,2
30099,0.0,20220817,0.3537465292263036,0.01,2,1,2
31069,0.0,20220817,0.3537465292263036,0.002,2,1,2
39141,0.0,20220817,0.3537465292263036,0.006,2,1,2
40077,0.0,20220817,0.3537465292263036,0.036,2,1,1
29091,0.0,20220817,0.32073422009520347,0.029,2,1,1
20047,0.0027884280237016382,20220817,3.8657620106007085,0.002,1,4,2
40023,0.0,20220817,0.3413833709009071,0.013,2,1,1
20041,0.0026556192904185257,20220817,3.2043540418850465,0.003,1,4,2
13103,0.0044479719562809,20220817,5.201293634598741,0.014,1,4,1
40129,0.0,20220817,0.32847277152835136,0.023,2,1,1
35025,0.0006118644791325754,20220817,0.02428408758391099,0.019,1,4,1
21075,0.0,20220817,0.3537465292263036,0.014,2,1,1
20079,0.0028113497377039677,20220817,3.9100513773953014,0.003,1,4,2
30021,0.0,20220817,0.3537465292263036,0.038,2,1,1
26111,0.0,20220817,0.3537465292263036,0.008,2,1,2
28119,0.0,20220817,0.3537465292263036,0.034,2,1,1
21093,0.0,20220817,0.3149934340894435,0.013,2,1,1
46057,0.0013278008298755186,20220817,0.8246898503113581,0.02,1,4,1
21047,0.0,20220817,0.3537465292263036,0.003,2,1,2
26045,0.0,20220817,0.3537465292263036,0.01,2,1,2
20179,0.0003990422984836393,20220817,-0.39923535046169306,0.002,3,3,2
28079,0.0,20220817,0.3537465292263036,0.004,2,1,2
28025,0.0,20220817,0.3537465292263036,0.019,2,1,1
28037,0.0,20220817,0.3537465292263036,0.02,2,1,1
28099,0.0,20220817,0.3537465292263036,0.008,2,1,2
01035,0.0,20220817,0.3537465292263036,0.034,2,1,1
28081,0.0,20220817,0.3537465292263036,0.011,2,1,1
40153,0.0,20220817,0.3537465292263036,0.018,2,1,1
19003,0.0027247956403269754,20220817,1.6855830313133695,0.042,1,4,1
06101,0.0,20220817,0.3537465292263036,0.009,2,1,2
40137,0.0,20220817,0.3537465292263036,0.006,2,1,2
19091,0.0016746912288046892,20220817,1.2085289248687372,0.021,1,4,1
27097,0.0,20220817,0.3537465292263036,0.005,2,1,2
42003,0.0023286384054269963,20220817,3.3461633094278693,0.006,1,4,2
29205,0.0,20220817,0.3537465292263036,0.015,2,1,1
39097,0.0,20220817,0.3537465292263036,0.001,2,1,3
20201,0.002002548698343346,20220817,1.1932288287223538,0.021,1,4,1
39065,0.0,20220817,0.3537465292263036,0.002,2,1,2
26113,0.0,20220817,0.3537465292263036,0.005,2,1,2
29203,0.0,20220817,0.3537465292263036,0.006,2,1,2
40143,0.0,20220817,0.3537465292263036,0.005,2,1,2
40091,0.0,20220817,0.3537465292263036,0.01,2,1,2
26125,0.0,20220817,0.3537465292263036,0.004,2,1,2
27129,0.0,20220817,0.3537465292263036,0.001,2,1,3
12001,0.0,20220817,0.3537465292263036,0.004,2,1,2
40073,0.0,20220817,0.3537465292263036,0.011,2,1,1
28133,0.0,20220817,0.3537465292263036,0.007,2,1,2
27053,0.0,20220817,0.3537465292263036,0.004,2,1,2
42027,0.0016238577426525068,20220817,1.293521403789573,0.02,1,4,1
47077,0.0,20220817,0.3537465292263036,0.02,2,1,1
19171,0.0016439643024894317,20220817,1.2415739374014336,0.009,1,4,2
19135,0.0010247214038683233,20220817,0.3333732040374168,0.047,1,4,1
19087,0.0018053257108469987,20220817,1.3793947043911954,0.011,1,4,1
30075,0.0,20220817,0.3537465292263036,0.001,2,1,3
04001,0.005649480499503573,20220817,3.3629045893076563,0.037,1,4,1
29121,0.0,20220817,0.3537465292263036,0.003,2,1,2
20097,0.0011976047904191617,20220817,0.6681954977168247,0.021,1,4,1
29061,0.0,20220817,0.3537465292263036,0.006,2,1,2
31091,0.0,20220817,0.3537465292263036,0.016,2,1,1
49007,0.0,20220817,0.3537465292263036,0.014,2,1,1
42081,0.0015918831452812036,20220817,1.001735847208936,0.01,1,4,2
13237,0.0023512055691300537,20220817,4.705502483141931,0.001,1,4,3
19115,0.0021470746108427268,20220817,1.3342780117497635,0.036,1,4,1
20049,0.0019817677368212444,20220817,2.4561813956757934,0.003,1,4,2
39121,0.0,20220817,0.3537465292263036,0.009,2,1,2
39137,0.0,20220817,0.3537465292263036,0.005,2,1,2
12133,0.0,20220817,0.3537465292263036,0.04,2,1,1
13007,0.0015964240102171138,20220817,1.733125176101468,0.003,1,4,2
13275,0.002083800134438718,20220817,2.1152684608684673,0.007,1,4,2
21005,0.0,20220817,0.3537465292263036,0.003,2,1,2
13057,0.002609942831747571,20220817,4.57051237242709,0.001,1,4,3
26133,0.0,20220817,0.3537465292263036,0.003,2,1,2
47109,0.0,20220817,0.3537465292263036,0.032,2,1,1
29057,0.0,20220817,0.3537465292263036,0.013,2,1,1
19139,0.0018419641399892747,20220817,1.2879023027754417,0.045,1,4,1
21203,0.0,20220817,0.3537465292263036,0.012,2,1,1
37103,0.0027100271002710027,20220817,5.4217851592260065,0.001,1,4,3
20131,0.0012844580575041991,20220817,0.6272950795781445,0.038,1,4,1
13087,0.0014616595457611872,20220817,1.0195122037776592,0.014,1,4,1
21009,0.0,20220817,0.3537465292263036,0.011,2,1,1
31093,0.0,20220817,0.3537465292263036,0.005,2,1,2
06005,0.0,20220817,0.3537465292263036,0.024,2,1,1
48269,0.0,20220817,0.3537465292263036,0.001,2,1,3
12049,0.0,20220817,0.3537465292263036,0.015,2,1,1
39025,0.0,20220817,0.3537465292263036,0.003,2,1,2
42075,0.0019251551216998618,20220817,1.5364292991302704,0.034,1,4,1
27087,0.0,20220817,0.3537465292263036,0.043,2,1,1
29157,0.0,20220817,0.28717380122576924,0.047,2,1,1
47049,0.0,20220817,0.3537465292263036,0.006,2,1,2
20031,0.002301914223406833,20220817,1.8776383285858007,0.013,1,4,1
13205,0.004046034885811904,20220817,5.419470731033671,0.003,1,4,2
21147,0.0,20220817,0.3537465292263036,0.007,2,1,2
21191,0.0,20220817,0.3537465292263036,0.005,2,1,2
21215,0.0,20220817,0.3537465292263036,0.007,2,1,2
31175,0.0,20220817,0.3537465292263036,0.015,2,1,1
27015,0.0,20220817,0.3537465292263036,0.01,2,1,2
47137,0.0,20220817,0.3537465292263036,0.008,2,1,2
39049,0.0,20220817,0.3537465292263036,0.006,2,1,2
49021,0.0,20220817,0.3537465292263036,0.012,2,1,1
26083,0.0,20220817,0.3537465292263036,0.011,2,1,1
49039,0.0,20220817,0.3537465292263036,0.007,2,1,2
20093,0.002303557716918352,20220817,2.2310147922151606,0.01,1,4,2
12009,0.0,20220817,0.3537465292263036,0.012,2,1,1
19117,0.0009320750320400792,20220817,0.3166395484002791,0.023,1,4,1
21239,0.0,20220817,0.3537465292263036,0.009,2,1,2
45053,0.0,20220817,-0.7427669025269729,0.036,3,3,1
45087,0.0,20220817,0.3537465292263036,0.006,2,1,2
27103,0.0,20220817,0.3537465292263036,0.012,2,1,1
20053,0.0044936607286149895,20220817,5.276505250026549,0.013,1,4,1
12077,0.0,20220817,0.3537465292263036,0.002,2,1,2
20083,0.0021321961620469083,20220817,2.1038935764384465,0.006,1,4,2
20119,0.0019138755980861245,20220817,1.3572119743874562,0.03,1,4,1
21149,0.0,20220817,0.3537465292263036,0.007,2,1,2
28057,0.0,20220817,0.3537465292263036,0.006,2,1,2
21073,0.0,20220817,0.3537465292263036,0.006,2,1,2
21049,0.0,20220817,0.3537465292263036,0.005,2,1,2
47005,0.0,20220817,0.3537465292263036,0.002,2,1,2
13217,0.0029793021771111873,20220817,5.308094572554146,0.001,1,4,3
26061,0.0,20220817,0.3537465292263036,0.018,2,1,1
47051,0.0,20220817,0.3537465292263036,0.004,2,1,2
45079,0.0,20220817,0.3537465292263036,0.006,2,1,2
40099,0.0,20220817,0.3537465292263036,0.03,2,1,1
30111,0.0,20220817,0.3537465292263036,0.002,2,1,2
06033,0.0,20220817,0.3537465292263036,0.003,2,1,2
13131,0.0016916384726921219,20220817,1.072981119327435,0.04,1,4,1
56039,0.0,20220817,0.31800795289275174,0.011,2,1,1
37041,0.0015606157338440803,20220817,2.376725117514076,0.002,1,4,2
37021,0.002238346971029951,20220817,2.8492067735020736,0.001,1,4,3
06063,0.0,20220817,0.3537465292263036,0.005,2,1,2
46093,0.0025976837320056284,20220817,2.402733334095321,0.014,1,4,1
13021,0.0021932114882506526,20220817,3.11868224166403,0.003,1,4,2
29187,0.0,20220817,0.3537465292263036,0.002,2,1,2
48475,0.00017155601303825698,20220817,-0.561600346838722,0.015,3,3,1
48487,0.0003896205096236266,20220817,0.10505170528723416,0.019,2,1,1
29049,0.0,20220817,0.3537465292263036,0.008,2,1,2
49051,0.0,20220817,0.3537465292263036,0.046,2,1,1
37157,0.002272802134457657,20220817,2.442656151994755,0.002,1,4,2
27041,0.0,20220817,0.3537465292263036,0.007,2,1,2
30043,0.0,20220817,0.3537465292263036,0.001,2,1,3
30023,0.0,20220817,0.3537465292263036,0.008,2,1,2
47001,0.0,20220817,0.3537465292263036,0.006,2,1,2
39077,0.0,20220817,0.3537465292263036,0.007,2,1,2
13005,0.003571109722346219,20220817,7.683226064883485,0.001,1,4,3
39173,0.0,20220817,0.3537465292263036,0.001,2,1,3
13157,0.00332915960816086,20220817,4.886567899522318,0.002,1,4,2
20003,0.0016592214422463305,20220817,1.7298991318216894,0.002,1,4,2
30107,0.0,20220817,0.3537465292263036,0.021,2,1,1
47015,0.0,20220817,0.3537465292263036,0.012,2,1,1
21165,0.0,20220817,0.3537465292263036,0.008,2,1,2
08051,0.00011903344839900012,20220817,0.2304947416735196,0.036,2,1,1
26029,0.0,20220817,0.3537465292263036,0.005,2,1,2
27151,0.0,20220817,0.3537465292263036,0.004,2,1,2
39147,0.0,20220817,0.3537465292263036,0.005,2,1,2
13267,0.001654715940430226,20220817,2.7157351342417115,0.001,1,4,3
37117,0.003676309685325397,20220817,8.627343030404106,0.001,1,4,3
13317,0.0028443722064201544,20220817,5.753680398726325,0.001,1,4,3
06081,0.0,20220817,0.3537465292263036,0.039,2,1,1
39159,0.0,20220817,0.3537465292263036,0.003,2,1,2
39035,0.0,20220817,0.3537465292263036,0.005,2,1,2
13125,0.002336448598130841,20220817,4.4113370795189235,0.001,1,4,3
46102,0.004604115800488315,20220817,2.6038607603301664,0.048,1,4,1
30105,0.0,20220817,0.3537465292263036,0.02,2,1,1
13313,0.003942937728445753,20220817,4.18038461812438,0.013,1,4,1
20203,0.0,20220817,-0.9680162023924,0.003,3,3,2
30069,0.0,20220817,0.3537465292263036,0.015,2,1,1
29033,0.0,20220817,0.3537465292263036,0.012,2,1,1
27147,0.0,20220817,0.3537465292263036,0.012,2,1,1
47033,0.0,20220817,0.3537465292263036,0.014,2,1,1
19079,0.001266920050676802,20220817,0.6986014401737073,0.022,1,4,1
39165,0.0,20220817,0.3537465292263036,0.005,2,1,2
13255,0.0026184424095795178,20220817,4.528836039184151,0.001,1,4,3
19069,0.0013776815587482779,20220817,0.8087781081918989,0.013,1,4,1
13035,0.0034454130344541306,20220817,6.254344581848504,0.002,1,4,2
44001,0.0,20220817,0.3537465292263036,0.034,2,1,1
44005,0.0,20220817,0.3537465292263036,0.044,2,1,1
39045,0.0,20220817,0.3537465292263036,0.013,2,1,1
47021,0.0,20220817,0.3537465292263036,0.009,2,1,2
01051,0.0,20220817,0.3537465292263036,0.007,2,1,2
13187,0.00320967841491266,20220817,5.58226833011955,0.001,1,4,3
39083,0.0,20220817,0.3537465292263036,0.006,2,1,2
19017,0.0012065637065637065,20220817,0.6276387377021212,0.032,1,4,1
37089,0.0021581544298730345,20220817,1.6551302455899535,0.022,1,4,1
12061,0.0,20220817,0.3537465292263036,0.033,2,1,1
28049,0.0,20220817,0.3537465292263036,0.004,2,1,2
31049,0.0,20220817,0.3537465292263036,0.016,2,1,1
19141,0.0014456089627755693,20220817,0.9001243377389244,0.018,1,4,1
31123,0.0,20220817,0.3537465292263036,0.011,2,1,1
29015,0.0,20220817,0.3537465292263036,0.007,2,1,2
08077,0.00017855017259850017,20220817,0.2084697991471167,0.046,2,1,1
29065,0.0,20220817,0.3537465292263036,0.004,2,1,2
42125,0.0027411539872208173,20220817,2.685663431301087,0.005,1,4,2
29185,0.0,20220817,0.3537465292263036,0.001,2,1,3
30071,0.0,20220817,0.3537465292263036,0.016,2,1,1
37127,0.002467297670956078,20220817,4.588693129835058,0.001,1,4,3
29159,0.0,20220817,0.3537465292263036,0.004,2,1,2
30063,0.0,20220817,0.276154470926122,0.04,2,1,1
40061,0.0,20220817,0.3537465292263036,0.009,2,1,2
06093,0.0,20220817,0.29816708113681345,0.029,2,1,1
46037,0.0014582573824279985,20220817,1.179839977598573,0.005,1,4,2
01073,0.0,20220817,0.3537465292263036,0.007,2,1,2
01127,0.0,20220817,0.3537465292263036,0.004,2,1,2
29063,0.0,20220817,0.3537465292263036,0.004,2,1,2
47113,0.0,20220817,0.3537465292263036,0.004,2,1,2
37009,0.002121877675613297,20220817,1.4869344672719575,0.046,1,4,1
39089,0.0,20220817,0.3537465292263036,0.003,2,1,2
01101,0.0,20220817,0.3537465292263036,0.004,2,1,2
21155,0.0,20220817,0.3537465292263036,0.008,2,1,2
28067,0.0,20220817,0.3537465292263036,0.004,2,1,2
37019,0.0025793726055456513,20220817,2.7145380654769227,0.017,1,4,1
27029,0.0,20220817,0.3537465292263036,0.005,2,1,2
13153,0.003954217071534197,20220817,10.348432178519687,0.001,1,4,3
06087,0.0,20220817,0.3537465292263036,0.038,2,1,1
13191,0.0012699308593198814,20220817,1.9580531556545955,0.001,1,4,3
13207,0.0018401972691472527,20220817,3.178857235995488,0.001,1,4,3
48483,0.0,20220817,0.31663968420838073,0.028,2,1,1
13117,0.0022987700485587806,20220817,3.566202096567093,0.002,1,4,2
29137,0.0,20220817,0.3537465292263036,0.008,2,1,2
19183,0.002081447963800905,20220817,1.6376406248973228,0.023,1,4,1
46111,0.0012610340479192938,20220817,0.4828758351113178,0.049,1,4,1
40051,0.0,20220817,0.3537465292263036,0.01,2,1,2
42121,0.0013894785595738933,20220817,0.8931029406754903,0.017,1,4,1
39153,0.0,20220817,0.3537465292263036,0.007,2,1,2
13127,0.0019888717888007575,20220817,2.3878538182623723,0.009,1,4,2
37123,0.0020915896081021576,20220817,2.878116705294587,0.003,1,4,2
28065,0.0,20220817,0.3537465292263036,0.013,2,1,1
47045,0.0,20220817,0.29623712130969837,0.049,2,1,1
47053,0.0,20220817,0.3537465292263036,0.004,2,1,2
47151,0.0,20220817,0.3537465292263036,0.005,2,1,2
37181,0.0036196856943726255,20220817,5.052669771314354,0.005,1,4,2
21033,0.0,20220817,0.3537465292263036,0.003,2,1,2
47039,0.0,20220817,0.3537465292263036,0.005,2,1,2
01055,0.0,20220817,0.3537465292263036,0.012,2,1,1
20155,0.003425475981837011,20220817,4.671517312127554,0.003,1,4,2
20163,0.005145458143677024,20220817,6.002844815623905,0.006,1,4,2
31079,0.0,20220817,0.3537465292263036,0.016,2,1,1
31081,0.0,20220817,0.3537465292263036,0.01,2,1,2
31115,0.0,20220817,0.3537465292263036,0.006,2,1,2
31063,0.0,20220817,0.3537465292263036,0.004,2,1,2
01007,0.0,20220817,0.3537465292263036,0.007,2,1,2
28075,0.0,20220817,0.3537465292263036,0.004,2,1,2
27013,0.0,20220817,0.3537465292263036,0.003,2,1,2
26073,0.0,20220817,0.3537465292263036,0.006,2,1,2
45017,0.0,20220817,0.3537465292263036,0.014,2,1,1
56035,0.0,20220817,0.3537465292263036,0.031,2,1,1
21069,0.0,20220817,0.3537465292263036,0.005,2,1,2
42119,0.0011083771142293454,20220817,0.5418292110903564,0.024,1,4,1
47119,0.0,20220817,0.3537465292263036,0.004,2,1,2
56015,0.0,20220817,0.3537465292263036,0.011,2,1,1
21079,0.0,20220817,0.3537465292263036,0.007,2,1,2
25021,0.0,20220817,0.3537465292263036,0.005,2,1,2
45043,0.0,20220817,0.3537465292263036,0.018,2,1,1
49019,0.0,20220817,0.332002878407171,0.008,2,1,2
27119,0.0,20220817,0.30249595912552124,0.035,2,1,1
27127,0.0,20220817,0.3537465292263036,0.01,2,1,2
47047,0.0,20220817,0.3537465292263036,0.009,2,1,2
12045,0.0,20220817,0.3537465292263036,0.036,2,1,1
47063,0.0,20220817,0.3537465292263036,0.017,2,1,1
01021,0.0,20220817,0.3537465292263036,0.002,2,1,2
48219,0.0005202913631633715,20220817,0.03171405029843033,0.037,2,1,1
13009,0.0030369532929884063,20220817,5.725744391987057,0.002,1,4,2
37171,0.004071084186686304,20220817,5.9337791049772,0.002,1,4,2
01031,0.0,20220817,0.3537465292263036,0.021,2,1,1
39149,0.0,20220817,0.3537465292263036,0.009,2,1,2
40119,0.0,20220817,0.3537465292263036,0.017,2,1,1
01039,0.0,20220817,0.3537465292263036,0.003,2,1,2
20069,0.0014903129657228018,20220817,0.8248962840676497,0.043,1,4,1
21045,0.0,20220817,0.3537465292263036,0.004,2,1,2
21169,0.0,20220817,0.3537465292263036,0.009,2,1,2
21179,0.0,20220817,0.3537465292263036,0.001,2,1,3
21187,0.0,20220817,0.3537465292263036,0.015,2,1,1
31125,0.0,20220817,0.3537465292263036,0.016,2,1,1
21011,0.0,20220817,0.3537465292263036,0.008,2,1,2
06021,0.0,20220817,0.3537465292263036,0.022,2,1,1
13111,0.001378224059854302,20220817,1.5488529676920768,0.002,1,4,2
30079,0.0,20220817,0.3537465292263036,0.009,2,1,2
37043,0.003745660515256715,20220817,3.985536514881994,0.019,1,4,1
20197,0.002177384235738133,20220817,2.0506111374740956,0.004,1,4,2
21181,0.0,20220817,0.3537465292263036,0.007,2,1,2
25023,0.0,20220817,0.3537465292263036,0.045,2,1,1
37055,0.002236210038098393,20220817,2.2380905163383553,0.038,1,4,1
39103,0.0,20220817,0.3537465292263036,0.018,2,1,1
42005,0.0015789393778371567,20220817,1.5185642151238292,0.007,1,4,2
21207,0.0,20220817,0.3537465292263036,0.007,2,1,2
37047,0.0024791324819861595,20220817,2.5743460032294565,0.007,1,4,2
39031,0.0,20220817,0.3537465292263036,0.007,2,1,2
31135,0.0,20220817,0.29324100180635077,0.049,2,1,1
19093,0.00217359802927112,20220817,2.929376365830891,0.002,1,4,2
20173,0.0017355734112490869,20220817,2.3107928841947203,0.002,1,4,2
12057,0.0,20220817,0.3537465292263036,0.013,2,1,1
31023,0.0,20220817,0.3537465292263036,0.003,2,1,2
42129,0.002614935193851215,20220817,3.468899254822749,0.002,1,4,2
12015,0.0,20220817,0.3537465292263036,0.01,2,1,2
19029,0.0003055534336567107,20220817,-0.1989160527719273,0.046,3,3,1
21115,0.0,20220817,0.3537465292263036,0.017,2,1,1
44003,0.0,20220817,0.32192586751962315,0.021,2,1,1
20085,0.002261420171867933,20220817,2.4889944691416446,0.003,1,4,2
28155,0.0,20220817,0.3537465292263036,0.006,2,1,2
31031,0.0,20220817,-0.3288880076689498,0.047,3,3,1
29143,0.0,20220817,0.3537465292263036,0.002,2,1,2
29029,0.0,20220817,0.3537465292263036,0.004,2,1,2
51117,0.000423066909658943,20220817,-0.15566074945652256,0.014,3,3,1
21233,0.0,20220817,0.3537465292263036,0.012,2,1,1
40047,0.0,20220817,0.3537465292263036,0.009,2,1,2
26091,0.0,20220817,0.3537465292263036,0.006,2,1,2
13123,0.002465969619254291,20220817,4.588915527622896,0.003,1,4,2
27135,0.0,20220817,0.3537465292263036,0.039,2,1,1
28089,0.0,20220817,0.3537465292263036,0.002,2,1,2
48227,0.00022008858565572643,20220817,0.19586710141335503,0.038,2,1,1
06079,0.0,20220817,0.3537465292263036,0.041,2,1,1
39175,0.0,20220817,0.3537465292263036,0.015,2,1,1
13177,0.0023727204935258626,20220817,4.680060850366942,0.002,1,4,2
21019,0.0,20220817,0.33270778617334934,0.036,2,1,1
27019,0.0,20220817,0.3537465292263036,0.021,2,1,1
31037,0.0,20220817,0.3537465292263036,0.027,2,1,1
47101,0.0,20220817,0.3537465292263036,0.022,2,1,1
30057,0.0,20220817,0.3537465292263036,0.015,2,1,1
